X,Y,NOMBRE,TIPO_AREA,SHAPE_Leng,SHAPE_Area
141540.014877382,5905600.31086943,Chiguayante,Ciudad,29855.99833690000,10380755.34750000015
130709.05956514,5887394.76947263,Lota,Ciudad,14233.34973800000,5262641.69737000018
130056.366630543,5895883.70755631,Coronel,Ciudad,41577.79183180000,15516848.53470000066
169641.564527159,5869736.08488818,San Rosendo,Ciudad,6499.36942317000,1534402.23041000008
138896.599261119,5918364.05146184,Concepcin,Ciudad,82986.89437769999,34542266.07949999720
362978.909151827,7957086.57941185,Arica,Ciudad,39931.46523990000,21509819.75079999864
382390.456951522,7760723.980149,Iquique,Ciudad,64442.90073380000,24645355.42520000041
376010.730038929,7556320.91652268,Tocopilla,Ciudad,18321.06400050000,4465189.44792000018
353372.708078361,7444818.80162248,Mejillones,Ciudad,17400.05844390000,7553971.82359999977
351024.49296544,7189278.49499421,Taltal,Ciudad,7610.91797785000,2074162.79765000008
376010.730038929,7556320.91652268,Tocopilla,Ciudad,18321.06400050000,4465189.44792000018
328331.672572489,6837369.97567647,Vallenar,Ciudad,13964.74013490000,5723772.15402000025
296257.971893142,6844714.942708,Freirina,Pueblo,2974.05637531000,224266.67529000001
334845.464272263,6676110.0121845,Vicua,Ciudad,6193.36676612000,1711534.88883000007
313977.987041318,6482312.10419929,Salamanca,Ciudad,8567.07988772000,2017756.77992999996
230683.280511711,5912180.86916164,El Carmen,Pueblo,9226.91471398000,1617639.60474000010
90020.5909489427,5828494.49574094,Lebu,Ciudad,5380.41273778000,958943.07405299996
188429.647621709,5834279.18220111,Negrete,Ciudad,4079.87560616000,711270.48141600005
131480.75797401,5884915.66482316,Lota,Ciudad,3891.61913400000,635335.00646399998
173837.617260237,5918544.30762608,Florida,Pueblo,8021.64060463000,1556327.56181000010
136897.109791185,5937543.35638092,Isla Quiriquina,Pueblo,4129.94762696000,286644.27229400002
112747.45944072,5821753.90864129,Antiguala,Pueblo,10541.35342960000,1042970.93344000005
238622.94140225,5874405.12627557,Huepil,Ciudad,8352.78158453000,2675814.86236000014
194447.643364778,5890010.4683179,Monte Aguila,Pueblo,7520.83081522000,1747190.38547000010
507894.954312216,7517192.65069561,Calama,Ciudad,31299.97526830000,17515368.09470000118
353372.708078361,7444818.80162248,Mejillones,Ciudad,17400.05844390000,7553971.82359999977
357780.961151406,7387056.05106661,Antofagasta,Ciudad,57876.82435770000,35083002.36200000346
351024.49296544,7189278.49499421,Taltal,Ciudad,7610.91797785000,2074162.79765000008
368241.798317466,6972420.04075872,Copiap,Ciudad,45266.60740530000,16935952.96739999950
338735.194948318,7085274.28886747,Chaaral,Ciudad,8704.00587686000,2301685.53514999989
319832.064889547,7004673.47909783,Caldera,Ciudad,12305.00449680000,2955959.28780000005
276932.784699639,6682825.74080068,Coquimbo,Ciudad,49899.27037240000,37315429.74000000209
289366.782041123,6612962.96635688,Ovalle,Ciudad,16915.68204510000,7385884.25019000005
309092.852075418,6548798.96614259,Combarbal,Ciudad,6077.45895428000,1283014.96549000009
294511.621185863,6498527.1851236,Illapel,Ciudad,8820.44126958000,2260305.07645000005
263068.164730288,6466522.96601737,Los Vilos,Ciudad,8504.45073383000,2304555.16160999984
283103.409196598,6688270.94940528,La Serena,Ciudad,49691.97697820000,38650537.61519999802
246728.954715171,5942688.61826229,Coihueco,Ciudad,8404.35257044000,1673081.53922999999
128866.742158503,5783988.67507081,Contulmo,Pueblo,9332.49417842000,903338.48097300006
89193.8360233822,5827046.54198185,Lebu,Ciudad,12475.51455910000,2799199.31377999997
176776.456207908,5841737.33251638,El Sauzal,Pueblo,8982.03085853000,2775660.40666999994
174622.115405905,5843207.72312833,Nacimiento,Ciudad,12623.19577420000,3522671.79506999999
140320.490950893,5912120.00248368,Chiguayante,Ciudad,13031.30227720000,1609025.43999999994
112895.89505828,5807223.67721147,Caete,Ciudad,11662.12704260000,3761494.50328999991
234978.795603005,5825034.16317857,Quillaco,Pueblo,5985.17920068000,911186.94327799999
247138.468771032,5981063.70390024,San Gregorio,Pueblo,3788.26720649000,521522.77312600001
224297.144837759,5903165.29627472,Pemuco,Pueblo,7144.65794550000,2108778.83874000004
145966.05482959,5934245.94295023,Punta de Parra,Pueblo,6429.03006610000,606292.41388899996
147802.959196525,5948138.21581317,Dichato,Pueblo,7630.54712090000,1059034.94021999999
205640.552991974,5928587.47251848,Bulnes,Ciudad,5648.84216601000,1749626.65421999991
220181.921670779,5941805.99910726,Chillan Viejo,Ciudad,14745.06316110000,4474306.61962000001
222683.924618439,5943994.83346788,Chillan,Ciudad,32925.26814750000,21701062.92749999836
146152.366681652,5941074.79061037,Tome,Ciudad,28211.64692040000,6901670.16401000042
207824.032263805,5762966.45490716,Victoria,Ciudad,19381.07762340000,6454703.89101999998
221487.754631009,5646236.51952937,Villarrica,Ciudad,12099.52085470000,4925456.44390000030
228499.610268086,5624428.25992517,Lican Ray,Pueblo,10602.93431500000,2802120.39468999999
142713.453554046,5782595.66354751,Puren,Ciudad,9083.36014390000,2548859.04332000017
203823.586186589,5781865.33112609,Ercilla,Pueblo,6072.51511969000,1340279.57606000011
198494.47482622,5793412.87415105,Collipulli,Ciudad,7652.75403174000,2456089.45367000019
199542.489298504,5717918.15431067,Pillanlelbun,Pueblo,6208.24660852000,1565850.61440000008
140274.922795718,5655116.88033324,Tolten,Pueblo,4971.58559867000,836704.87414099998
157791.212349863,5768504.28391408,Lumaco,Pueblo,4713.36152453000,812004.76336200000
162981.320179372,5789451.85633191,Los Sauces,Pueblo,8421.27027313000,1516023.58467000001
228848.353488247,5716291.20083376,San Patricio,Aldea,3996.74123136000,789303.70011400001
165152.3529924,5720213.80626267,Cholchol,Pueblo,7316.65831692000,1753727.67030000011
275005.604313492,5738376.03345881,Malalcahuello,Aldea,2697.29286050000,221369.60789300001
186276.569085102,5691607.76481882,Quepe,Pueblo,10564.55906150000,1626889.48451999994
218823.386912545,5679496.89374116,Los Laureles,Pueblo,5076.77904348000,731280.36353600002
169819.30067693,5741395.9755405,Galvarino,Pueblo,5523.58431060000,1002168.79934999999
173580.740591291,5702643.51019834,Labranza,Aldea,5195.87425900000,1043378.89832000004
183680.207860847,5659648.13030668,Quitratue,Aldea,5208.49759753000,683813.90477000002
116503.538649784,5702395.70748329,Nehuentue,Aldea,2539.61202327000,389969.48711900000
226572.202344827,5684924.34984787,Hortensias,Aldea,2218.48503992000,276540.11108900001
131033.514041137,5288021.2645726,Achao,Pueblo,6878.49314147000,1587466.36412999989
205063.436230789,5741887.54644954,Perquenco,Pueblo,5812.75309092000,1378160.31562000001
200737.327283788,5729317.89553949,Lautaro,Ciudad,13411.42660390000,6013521.06546999980
145736.063646456,5675806.04975256,Teodoro Schimidt,Pueblo,5457.08387133000,1335950.62905000011
138454.287432867,5664866.95405349,Gualpin,Pueblo,4056.49944902000,804017.09725100000
187470.69368857,5703022.03637997,Padre de Las Casas,Ciudad,18515.12883150000,6512048.70872000046
117987.308643503,5697682.85363375,Puerto Saavedra,Pueblo,6220.68403228000,1125748.20760999992
187649.374019758,5635914.11255574,Loncoche,Ciudad,16824.12913430000,5046415.59721999988
184862.206979186,5678236.85062931,Pitrufquen,Ciudad,17658.52389360000,4537432.93525999971
150417.300675997,5765098.94250117,Capitan Pastene,Pueblo,5299.67987642000,1079792.96513999999
244931.114865051,5647874.72485929,Pucon,Ciudad,23452.59360970000,5880999.13071999978
293123.35010815,5741324.81058024,Lonquimay,Pueblo,6790.16358828000,1319238.82412000000
219378.200311222,5714848.85588074,Vilcun,Pueblo,9403.78059787000,1476733.47946999990
238599.726936415,5714101.69130285,Cherquenco,Pueblo,6413.70067662000,1147472.82003000006
186811.038880896,5706734.20343277,Temuco,Ciudad,75222.95243380000,37131712.71000000089
173194.590212462,5456926.42652421,Puerto Octay,Pueblo,5976.79375411000,858899.69008700002
194261.602498914,5445855.5831086,Las Cascadas,Pueblo,5251.99086519000,954866.05289000005
126843.572966993,5407496.05979398,Los Muermos,Pueblo,6475.96094754000,1278420.15164000005
164478.853136909,5424632.24809973,Llanquihue,Ciudad,13598.42662500000,4113279.58172000013
108470.079178664,5269994.86387332,Chonchi,Pueblo,7421.02000419000,2000714.38871000009
124715.909930723,5215821.37835025,Quellon,Pueblo,10637.84360420000,2252900.57585000014
121181.9511329,5577198.74593314,Corral,Pueblo,6009.99456959000,326906.74660100002
108745.938619037,5367853.90127216,Carelmapu,Pueblo,5178.91452966000,578125.63728000002
156833.844274789,5704043.7047018,Nueva Imperial,Ciudad,14773.03528250000,3904419.57489999989
266317.884516406,5696105.73753513,Mellipeuco,Pueblo,5382.48552571000,1189164.86872999999
173699.350194711,5810167.25818569,Angol,Ciudad,21408.29495170000,6912992.76630999986
247981.174132638,5741430.01233577,Curacautin,Ciudad,12092.66242710000,3712002.31842999998
185842.492636555,5681812.24652346,Freire,Pueblo,11511.55296110000,2298426.96639999980
206199.507036234,5679366.98097398,Radal,Aldea,3257.24390336000,568289.83623400005
277264.129629647,5639819.86502293,Curarrehue,Pueblo,7017.76572783000,898285.87931500003
237541.57345966,5686419.70940203,Cunco,Ciudad,11147.24557860000,2020889.03215999994
138265.988870763,5706906.47575064,Carahue,Ciudad,10391.24623320000,2368622.41316000000
123945.377804424,5715161.50029714,Trovolhue,Pueblo,8437.85242357000,908077.87471300003
182236.134305623,5665164.33333615,Gorbea,Ciudad,16305.47907460000,4210816.67930999957
182737.53652518,5650506.55302649,Lastarria,Pueblo,6943.21305339000,965152.39237000002
214869.39839492,5677865.96984876,Choroico,Aldea,1460.25878505000,91487.30750040000
106274.251317164,5826098.28788114,Los Alamos,Ciudad,9229.65625255000,1946771.96078000008
110635.436360338,5827659.599464,Cerro Alto Tres Pinos,Ciudad,16272.59060350000,1998566.79799000011
149658.397458124,5900802.02174299,Hualqui,Ciudad,11086.05188130000,2488381.07047000015
170946.392197763,5867936.3891513,Laja,Ciudad,8838.84516840000,2113004.59080999997
115771.220701607,5843279.05895587,Curanilahue,Ciudad,16477.23223880000,4699848.51226000022
143808.846605161,5927388.32863283,Penco,Ciudad,22896.75958220000,6166576.69689999986
238480.142730225,5868699.82931453,Tucapel,Pueblo,6076.50684137000,1053308.76685000001
197360.316038775,5895866.66450758,Cabrero,Ciudad,10427.70639160000,3216231.64892000007
149733.976874611,5878455.18248437,Santa Juana,Ciudad,7493.79989267000,1855265.64526999998
183599.353270686,5943160.02571626,Nipas,Pueblo,5077.48978634000,635442.59752499999
223889.787297726,5951130.44673379,Villa Illinois,Pueblo,4801.15848014000,480874.35271299997
271737.705223779,5951420.89326028,San Fabian de Alico,Pueblo,3705.03323257000,643116.07880500006
241534.437551531,5934086.25985914,Pinto,Pueblo,5298.37258093000,1252001.98436999996
185652.226090715,5883102.9668675,Estacion Yumbel,Pueblo,4413.84176965000,642552.86241099995
183536.545234145,5888136.80185591,Yumbel,Ciudad,9824.40214815000,2237256.57253000000
236282.412748544,5848513.6345272,Quilleco,Pueblo,5136.29980374000,1099464.72567999992
236251.780036465,5856119.07116951,Villa Mercedes,Pueblo,2872.73806751000,505366.03296899999
181868.326816473,5979182.7189255,Quirihue,Ciudad,6854.26352269000,1430707.57648000005
212112.704705225,5955503.71111118,San Nicolas,Pueblo,4437.19402383000,902489.43176399998
233415.794379224,5826706.36703854,Santa Barbara,Ciudad,5842.56362569000,1073795.00845999992
262806.07203163,5865252.78481187,Antuco,Pueblo,4682.35461871000,740509.49771599995
148077.813243597,5950053.14988594,Dichato,Pueblo,2700.67853175000,487682.69849099999
168341.157959062,5955466.17712995,Coelemu,Ciudad,6352.25657599000,1122565.60522000003
183995.467198276,5823849.33352445,Renaico,Ciudad,8422.48721327000,3329463.58520000009
178789.434415154,5759976.71697611,Traiguen,Ciudad,10704.28108910000,4801655.08227000013
209161.536892195,5774083.42010661,Pailahueque,Pueblo,4382.67987015000,812716.22548499994
193795.544485152,5811647.37187551,Mininco,Pueblo,5501.18959227000,1383663.29229000001
107399.082492148,5746692.61629748,Tirua,Pueblo,3130.56341048000,519825.18056100002
193135.086487919,5951864.25285182,Portezuelo,Pueblo,4202.01121381000,844301.10586400004
131778.086395545,5913880.13483738,San Pedro,Ciudad,34816.40226980000,22338906.39160000160
232230.062035586,5887204.98642597,Yungay,Ciudad,10035.07743290000,2593222.02875000006
216129.324119824,5885544.85049382,Campanario,Pueblo,13090.50520740000,2919256.15236000018
234689.77763873,5964772.59763515,San Carlos,Ciudad,14510.50522460000,6058379.39168999996
229448.030137168,5922982.37902412,San Ignacio,Pueblo,6413.29701365000,1814395.44296999997
158444.368460493,5994432.39705587,Cobquecura,Pueblo,5623.62468641000,674092.62844799994
263047.20128313,5919208.84494206,Recinto Los Lleuques,Pueblo,7236.43427205000,859882.96223199996
116929.175741878,5868870.17240188,Arauco,Ciudad,14146.69506930000,2550704.94490000000
123914.19503957,5867968.98424761,Carampangue,Pueblo,10367.38903880000,907356.79661399999
128097.888830683,5877906.00567694,Laraquete,Pueblo,8309.74482309000,1096327.65868999995
203864.419897409,5847790.48407876,Los Angeles,Ciudad,28018.63311280000,15761478.21810000017
190373.377841149,5927689.91457482,Quillon,Pueblo,11990.25022120000,5483707.17112999968
214382.866405412,5820191.71908769,Mulchen,Ciudad,9691.03151501000,3928739.08694999991
194996.61852898,5966762.92806798,Ninhue,Pueblo,5282.80152826000,946423.29905799998
117008.661521013,5381792.26430823,Maullin,Pueblo,7501.27386471000,1529896.49849999999
116881.516759159,5297713.6380873,Dalcahue,Pueblo,6131.93998742000,1158034.90726000001
158308.528394557,5416999.24838427,Nueva Braunau,Pueblo,3036.61341332000,295029.39815399999
197328.989826141,5241499.00472511,Chaiten,Pueblo,5738.32493603000,1291327.30389000010
267008.151558507,5214618.16957193,Futaleufu,Pueblo,3040.17702477000,537181.58848499996
159844.457610468,5518818.49652162,San Pablo,Pueblo,6507.58428543000,1584274.60978000006
149766.093058791,5458405.15527702,Corte Alto,Pueblo,4647.05931343000,679115.56918999995
204407.85913628,5530676.66102999,Lago Ranco,Pueblo,5751.52864862000,944385.69460299995
169950.863337885,5557193.85616883,Paillaco,Ciudad,7442.34979965000,2395111.50591999991
172826.357765121,5409550.08010027,Alerce,Pueblo,5771.53457528000,1521616.82034000009
134728.495210501,5241719.53291272,Queilen,Pueblo,5364.57889959000,963246.11080799997
156451.897707895,5366848.10450746,Calbuco,Pueblo,8316.40316809000,1499913.49597999989
253446.754807061,6311156.21434026,El Yeco,Pueblo,2566.64505583000,200585.09635300000
248498.859541832,6324022.84091038,Quintay,Pueblo,2375.48321421000,196061.98040599999
286335.687632442,6394577.44105388,Catapilco,Pueblo,2405.63998189000,290212.44798800000
317693.44145694,6429951.42513967,Petorca,Pueblo,4027.06658610000,303953.74239999999
338957.650066369,6388774.20152454,Putaendo,Ciudad,4589.53496932000,623566.85081700003
351870.580483478,6369737.85829722,San Esteban,Pueblo,4450.39555910000,399249.49462800001
292437.003947384,6381078.97277649,El Melon,Ciudad,5770.97023382000,911865.77812200005
241931.523130229,5615633.45467162,Conaripe,Pueblo,6376.91143491000,968873.02737999998
213837.799506527,5606511.88624965,Panguipulli,Ciudad,9613.93819745000,1523272.11605999991
260632.915931908,6331456.34210995,Curauma,Ciudad,22490.79899240000,4964663.58194999956
290257.476992113,6407322.71581813,La Ligua,Ciudad,7441.22156420000,1516333.97989000008
338516.048774331,6375276.31933979,San Felipe,Ciudad,16085.20082010000,6000964.64092000015
344719.098446499,6375568.77046127,Santa Maria,Ciudad,5197.22948076000,434201.63702500000
276132.782274964,6310801.68567686,Casablanca,Ciudad,12726.48802110000,3492048.91014999989
316793.478305197,6364708.69481643,Llaillay,Ciudad,9849.74211248000,2078433.85663999990
348047.657503587,6363495.13542775,Calle Larga,Pueblo,6187.57159097000,619756.34096800000
341947.963795876,6371258.28022827,Curimon,Pueblo,3154.29851868000,309211.86306000000
291656.157518872,6365851.76449866,La Cruz,Ciudad,2593.65342819000,252707.01935300001
328057.913255996,6372771.60872965,Panquehue,Pueblo,3555.56192657000,393220.87335499999
282002.906146269,6408397.88358096,Pullalli,Pueblo,3280.46459379000,380983.40578299999
380319.000828048,6354791.56501222,Saladillo,Pueblo,3577.85344082000,189618.58763200001
251273.948560265,6334122.33801166,Laguna Verde,Ciudad,5168.27325182000,723227.67745700001
249987.09131261,6300333.80865653,El Quisco,Ciudad,26485.77895860000,11390751.13890000060
294194.94986133,6370461.53574944,La Calera,Ciudad,26878.95498430000,7123652.19388000015
251740.633122895,6304670.66347949,Algarrobo,Ciudad,24956.00635380000,4922284.83619999979
288216.945368224,6346359.07614984,Limache,Ciudad,25781.81761430000,7272918.14888999984
289578.57024329,6359390.54483263,Quillota,Ciudad,19877.04708270000,6286334.20872000046
258017.64843556,6340752.2903404,Valparaiso,Ciudad,109234.39361299999,37982006.11710000038
273046.014263733,6340441.48924321,Quilpue,Ciudad,44206.34420550000,23086531.15109999850
278638.718636524,6340724.32096711,Villa Alemana,Ciudad,36848.86881310000,18005392.30180000141
267161.663026201,6374548.45835618,Las Ventanas (La Greda),Pueblo,3140.61635890000,397367.04082400003
269269.205623043,6395613.55070457,Zapallar,Pueblo,5250.72100011000,1037881.13350999996
272417.409245195,6386587.98654293,Maitencillo,Pueblo,2886.11440339000,224742.83872699999
326650.170101459,6371396.52555489,Panquehue,Pueblo,2320.74152719000,188844.43911300000
270103.93871262,6392389.6678034,Cachagua,Pueblo,4358.00455175000,727432.04374600004
264676.10299458,6345152.64574098,Via del Mar,Ciudad,65719.97943420000,36872763.13030000031
256974.470298323,6273561.72128171,Rocas de Santo Domingo,Ciudad,17187.94842230000,9682428.28328000009
293612.470238864,6375947.95970329,Nogales,Ciudad,8496.91525889000,1170782.23196000000
262801.8611958,6369810.78426984,Quintero,Ciudad,11684.13313000000,3695513.66902999999
315888.276946736,6371764.9111227,Catemu,Ciudad,3790.69282543000,669596.27878900000
253900.027737132,6309070.38892858,Algarrobo Norte,Pueblo,7895.19797841000,1119083.96399000008
299256.821476004,6368828.95192296,Hijuelas,Ciudad,3772.63416408000,447372.15345200000
297572.452421799,6347428.16870693,Olmue,Ciudad,15014.38956130000,5935316.13609999977
273796.808159371,6376340.66509034,Puchuncavi,Pueblo,3581.60867139000,453046.90758499998
341996.296987079,6364495.18716815,Rinconada,Localidad,3348.51710931000,353787.57773199998
292782.227316267,6408796.383276,Valle Hermoso,Pueblo,6230.38339280000,547751.68662599998
253684.81928319,6295110.49961702,El Tabo,Ciudad,23806.00535150000,8057158.65964999981
257154.898839919,6289810.39934765,Las Cruces,Ciudad,16989.94175210000,4151702.22569999984
258874.442609638,6286002.70933554,Cartagena,Ciudad,25981.42491160000,6973551.94223999977
129639.178790574,5324270.72595125,Quemchi,Pueblo,8272.41420277000,896958.38336400001
167015.160184778,5417626.49726385,Puerto Varas,Ciudad,13578.82469270000,3338445.68123000022
159804.309332458,5439583.46029802,Frutillar,Pueblo,18960.02960310000,3031965.92095000017
129054.937063343,5434907.5602216,Fresia,Ciudad,10336.09518570000,1902824.85746000009
174267.717491006,5580463.54815995,Los Lagos,Ciudad,11585.28957340000,2301392.40339000011
138175.223388144,5583003.20426401,Valdivia,Ciudad,39647.65947110000,30136348.16950000077
212279.664963905,5348064.05026236,Rio Negro,Ciudad,7448.71577626000,777549.01644499996
195766.13759091,5489899.38174022,Entre Lagos,Pueblo,7664.60623821000,1054465.96950999997
150109.630018777,5462902.93435848,Purranque,Ciudad,11649.31795500000,3924530.74128999980
149891.580328984,5499870.73216382,Osorno,Ciudad,43305.10997780000,27418520.00219999999
153545.374519289,5531073.35784281,La Union,Ciudad,14871.68012340000,5783155.06243999954
211356.231492188,5552683.44327615,Futrono,Pueblo,9699.11427106000,2019911.24891999993
164272.492350876,5527466.71600148,Rio Bueno,Ciudad,9963.63682619000,2990096.38688000012
159343.550301211,5616008.12222702,San Jose de La Mariquina,Ciudad,7111.04073574000,1705614.74756000005
161050.45801019,5602339.08057921,Mafil,Pueblo,7404.59260123000,1565737.09061000007
198485.181012442,5617111.04723159,Malalhue,Pueblo,4522.77886225000,1252962.87858000002
123984.244161428,5577581.95216164,Niebla,Pueblo,7218.44008849000,945267.63644100004
98991.2945777816,5494813.51602634,Muicolpue,Pueblo,7437.26117795000,693142.26322700002
100343.187067797,5353284.9617954,Ancud,Ciudad,14740.32640550000,5755670.88870000001
170002.090990815,5401943.53147785,Puerto Montt,Ciudad,33644.09325500000,22152181.30059999973
107428.956083809,5286272.52167056,Castro,Ciudad,18602.17904050000,5761010.90354000032
258021.877937611,6279393.46554316,San Antonio,Ciudad,31977.14425170000,12043384.72550000064
287446.721000477,6353573.21728236,San Pedro,Pueblo,3470.56731826000,592937.87195900001
272476.079114394,6387147.11974177,Laguna de Zapallar,Pueblo,2828.63589177000,376342.10218799999
305491.458838009,6410033.50566102,Cabildo,Ciudad,7332.12224902000,1517413.05168000003
342109.011892112,6239003.24411283,San Francisco de Mostazal,Ciudad,11917.75865190000,2170238.15189999994
346797.364951695,6232473.11065698,Codegua,Pueblo,13836.93451930000,3160246.29871999985
234358.007419049,6235784.56210917,La Vega de Pupuya,Pueblo,1693.52888781000,152561.46979400000
280377.255779878,6206905.03968838,El Carmen,Aldea,1741.09795345000,204818.72590500000
319208.57778708,6173791.86240374,El Trapiche,Aldea,2951.39742249000,379136.88634000003
248470.235555039,6195150.03050597,Rinconada de Alcones,Aldea,2608.10007317000,156727.22164199999
325303.955155223,6198686.84808272,Esmeralda,Aldea,1267.31700106000,86713.08396710000
344702.567217927,6227693.64276585,La Compaia,Aldea,3183.67509737000,327503.55833099998
308466.774150853,6203656.35673076,Coltauco,Pueblo,7106.14131754000,877958.93472200003
310046.010040544,6204558.52871893,El Almendro Centro,Aldea,2737.24181000000,208548.10047700000
209387.869068452,6128282.46960318,Iloca,Pueblo,11955.90575100000,1368373.73692000005
180381.07044326,6039529.00180678,Chanco,Pueblo,4053.94346954000,708228.00046300003
245951.737512343,6079831.97976857,Pencahue,Pueblo,3333.99212482000,335185.63637700002
294694.350177371,6093383.60071648,Curepto,Pueblo,7823.34820557000,855371.14106299996
202319.783479215,6072030.75036122,Santa Olga,Pueblo,5457.79218805000,804615.57000099996
266284.665787714,6040772.81916248,Yerbas Buenas,Pueblo,5735.70718126000,777991.97466499999
251194.556467155,6006480.15832916,Retiro,Pueblo,6156.66646491000,1074417.73500999995
305992.715878056,6165189.66042611,Placilla,Pueblo,6215.01970624000,454201.53380300000
335388.320221891,6211421.33142977,Los Lirios,Pueblo,4786.51983460000,719884.92894600006
337522.040819887,6213474.34399865,Gultro,Ciudad,13457.49745750000,2950077.59832999995
257793.109347224,6153954.87084147,Lolol,Pueblo,4902.64741074000,462464.98500599997
234107.781332674,6162101.61739049,Paredones,Pueblo,7885.22433819000,486320.71773600002
348010.961399173,6236089.88252899,La Punta,Pueblo,3928.62025775000,292189.80134700000
328802.241833548,6159907.27712733,Puente Negro,Aldea,9219.46298107000,772420.00198800000
318974.815703758,6205484.84210377,Coinco,Pueblo,18611.70256260000,2226377.95606999984
359673.564292298,6214338.07327564,Coya,Ciudad,6143.46622164000,861249.47339900001
280875.867214055,6206491.1967487,Santa Julia,Aldea,1935.36006943000,190962.63798199999
317772.819551204,6171006.10335625,San Fernando,Ciudad,31103.55428770000,8335864.39890999999
330950.449008615,6198113.11196278,Rosario,Localidad,10992.24451760000,1744050.05172999995
332379.590672704,6204881.81258748,Requinoa,Ciudad,14074.05407870000,2112130.01013999991
329400.70154058,6191363.62175571,Rengo,Ciudad,16965.07836940000,5877057.76267000008
340260.384831142,6217993.58339254,Rancagua,Ciudad,55707.69183800000,32425446.12770000100
223211.832177095,6190102.27678483,Pichilemu,Ciudad,22449.03101410000,4663758.26798999961
302395.119862673,6139371.73576668,Teno,Ciudad,4871.65353265000,741392.66922799998
292872.233713729,6118271.57469543,Lontue,Ciudad,11073.30662310000,1203707.58767000004
291696.592171321,6112172.18396646,Molina,Ciudad,14360.40102960000,2935171.29459000006
244345.344999701,6126082.80039234,Hualane,Pueblo,6237.41530519000,1381641.06826999993
299259.25203011,6131549.15728937,Sarmiento,Pueblo,8158.49907855000,1715178.88715999993
176884.653758624,6031022.97767939,Pelluhue,Pueblo,12450.04107630000,2365773.41397000011
202915.296904385,6056362.41531805,Empedrado,Pueblo,5855.43889686000,851168.69352900004
180923.952311515,6066255.21018585,Los Pellines,Pueblo,12002.94294650000,2246935.18324000016
189889.96562799,6084575.40627021,Constitucion,Ciudad,13438.06856640000,4383235.00219000038
282659.343864841,6124462.65666,Sagrada Familia,Pueblo,5393.69404755000,775804.32304599998
264464.315864013,6082771.6808639,Panguilemo,Pueblo,8285.74589933000,1043757.99309999996
257470.433378419,6046762.74274185,Estacion Villa Alegre,Pueblo,5081.83370954000,905006.60667500005
251694.239415722,6048665.12298007,Villa Alegre,Pueblo,3622.09547232000,648702.20402099995
257853.969034022,6016478.86877325,Longavi,Ciudad,7754.43345418000,1850244.04894999997
262044.418536405,6113637.02907484,Villa Prat,Pueblo,8263.78403414000,784278.30397300003
265622.866312406,6030137.4720331,Linares,Ciudad,21295.87807510000,10201795.31980000064
258867.675457325,6075841.55572221,Talca,Ciudad,37312.11765370000,30868855.97010000050
288245.556200332,6132758.09783147,Rauco,Pueblo,4988.45586075000,768154.81905100006
278010.534080672,6081521.25799131,Pelarco,Pueblo,4661.56713602000,586851.99766400002
245662.340659378,5996546.40418765,Parral,Ciudad,15763.41524090000,4698297.56857000012
227516.537636642,6124696.62963743,Licanten,Pueblo,4757.78963965000,972720.09418300004
296035.642981293,6126598.46398455,Curico,Ciudad,24273.75313820000,15240088.34710000083
200394.361993521,6014309.49338075,Cauquenes,Ciudad,17713.65353720000,5576394.11577000003
324457.767820481,6315498.35523728,Lampa,Ciudad,5816.15767511000,829864.65694300004
343969.338144544,6325193.50331006,Colina,Ciudad,11433.10868130000,3600986.04616999999
374531.826672599,6277059.693667,San Jose de Maipo,Pueblo,5891.21842918000,823978.44976300001
294804.155144072,6270442.05133213,Melipilla,Ciudad,18590.65525710000,6192169.68721999973
270793.84389941,6089903.16042681,San Rafael,Pueblo,8598.82503299000,1459166.71444000001
274074.385243678,6064966.40489879,San Clemente,Ciudad,13943.34679980000,2523693.18469000002
306119.683204176,6129577.09009761,Romeral,Ciudad,6938.59783423000,678740.35012900003
298280.820082083,6111762.58125624,Pichingal,Pueblo,4139.07662084000,385253.49023200001
256262.932566448,6066045.96527098,Maule,Pueblo,4042.44034191000,582709.89705200004
224611.371757736,6112246.1825922,Curepto,Pueblo,8037.02288651000,1101675.86297999998
332062.607014905,6332019.2319829,Huertos Familiares,Pueblo,7618.82591599000,2574407.54565999983
302948.936373881,6289448.51177195,Maria Pinto,Pueblo,2814.68422321000,288999.09648000001
325829.316350676,6279926.17135159,Peaflor,Ciudad,15964.69992840000,7294485.06469999999
345805.418767278,6327062.71205791,Esmeralda,Pueblo,2468.90136111000,275114.40253600001
315584.816521428,6271640.59318843,El Monte,Ciudad,7863.81050089000,2322335.65285999980
300518.550306232,6274412.70360692,Pomaire,Pueblo,4460.20491510000,693349.91798400006
327809.980529783,6265467.68416373,La Islita,Pueblo,3993.04151277000,472076.45821900002
331360.675112661,6321578.9352554,Batuco,Pueblo,6509.84824702000,1709109.42892999994
338106.863072418,6273276.08176665,Lo Herrera,Pueblo,3575.72695730000,467489.80601700000
336918.040357989,6252787.01001707,Champa,Pueblo,2013.99857981000,172013.57482700000
347999.136037046,6255245.54910544,Huelquen,Pueblo,5956.74926582000,729561.70082200004
346095.428855258,6261376.04696,El Transito,Pueblo,2412.94750245000,235044.11468500001
333840.850033215,6260913.71390495,Viluco,Pueblo,2737.88118344000,205450.61147700000
378074.261223727,6266908.66688593,San Alfonso,Pueblo,3861.53836467000,475610.86396200000
319987.967478395,6337777.48545109,Tiltil,Pueblo,4271.30746153000,469578.96478600003
335293.919273779,6314660.19282903,Estacion Colina,Pueblo,2834.57305492000,331168.71505800000
353764.257588932,6277047.51237481,Pirque,Pueblo,2408.68324048000,168518.99983700001
335942.550665412,6277491.92764273,Bajos de San Agustin,Pueblo,5940.20886460000,866218.23047600000
281358.66103714,6039942.96074685,Panimavida,Pueblo,4164.70214193000,667340.89864599996
282426.986639337,6046830.40839844,Colbun,Pueblo,7523.45887959000,953309.82867800002
252530.280436045,6057504.63043856,San Javier,Ciudad,10858.60852010000,3100980.65181000018
266872.318569999,6377446.56817823,Las Ventanas (Horcon),Pueblo,6298.07427486000,796821.32207700005
314298.141011647,6196736.77469916,Guacarhue,Aldea,2578.61671932000,174731.53077600000
329250.750739055,6205957.07326064,El Abra,Aldea,3534.36785011000,506742.36368000001
290401.64885268,6163173.27852417,Cunaco,Pueblo,3189.88740810000,269334.45618300000
236847.384569517,6242627.13835305,La Boca,Pueblo,2113.76534903000,160365.31262800001
255554.813859442,6211577.7042551,La Estrella,Aldea,2338.22301571000,229783.16022300001
321269.305112602,6187090.20350056,Malloa,Pueblo,4661.13978260000,455692.71980000002
234643.842281402,6238429.96329472,Matanzas,Caserio,3227.81953978000,111666.95377300000
238292.446512744,6239408.13276167,Navidad,Aldea,1481.43497840000,77245.45291130000
325960.028349829,6184846.20243491,Pelequen,Pueblo,7185.58108127000,802128.97224300005
319007.886330605,6196565.7888549,Quinta de Tilcoco,Ciudad,9070.97097143000,857299.26018500002
332862.362551048,6202986.34132547,Santa Amalia,Aldea,1332.43944016000,85148.10449090000
259228.617100894,6190629.97593004,Marchihue,Pueblo,5662.77236149000,970654.02577800001
220106.268346653,6186206.4131796,Bellavista,Aldea,2033.76608951000,203433.21473899999
300416.24931292,6192305.33612352,Peumo,Ciudad,9282.92055857000,1155456.80553000001
287733.811765209,6203260.99586049,Las Cabras,Pueblo,7733.51078580000,1449707.93469000002
266340.270815932,6376568.1520457,Las Ventanas (La Chocota),Pueblo,2350.23893494000,198231.02948800000
285434.059814862,6407595.61087762,Placilla,Pueblo,4118.83691651000,273634.16207800002
265461.008921991,6369112.69581569,Quintero,Ciudad,6172.60802481000,1829749.54682999989
271439.971176319,6383285.01176736,Maitencillo,Pueblo,8046.35687064000,1460300.85370000009
270385.750051902,6400744.45131686,Papudo,Pueblo,6522.05030040000,886772.51180700003
349960.628749101,6364096.08347529,Seor Pobre Bejares,Ciudad,2063.85866124000,183976.83707300000
350028.913365491,6365780.45924622,Los Andes,Ciudad,23484.12175900000,6457024.85479000024
264227.014163224,6353466.14902226,Concon,Ciudad,21653.72968660000,8160550.74713999964
223438.704452671,6180309.02912437,Cahuil,Aldea,2874.07269041000,265665.67193200003
313239.80327732,6157603.31050488,Chimbarongo,Ciudad,10704.96716200000,1895744.40287000011
322881.219199483,6208317.32718699,Copequen,Aldea,6005.93375813000,535482.60855999996
340482.781306921,6228803.8506242,Graneros,Ciudad,12235.46539130000,3406481.93685000017
348236.987483775,6217005.82307687,Machali,Ciudad,13497.74341910000,3398234.13290000008
249074.303981995,6190639.35607842,Alcones,Aldea,3911.55943508000,249417.95700699999
265864.571115588,6184622.65553575,Poblacion,Pueblo,6156.15308947000,528461.00588900002
282172.617533034,6177294.42425218,San Jose del Carmen,Aldea,2825.42284244000,230935.82306600001
272311.685161523,6182025.24639055,Peralillo,Pueblo,5373.38477909000,1016449.35849999997
256929.083361375,6167910.45904595,Pumanque,Aldea,5574.04515247000,501600.51231000002
246998.773502976,6240616.17483902,Rapel,Aldea,3059.42466829000,441303.77418399998
309243.442588,6187234.60536434,San Vicente de Tagua Tagua,Ciudad,12818.00293010000,2109110.52526000002
283329.687808104,6169506.60824265,Palmilla,Ciudad,5840.86285791000,614194.15213800000
332422.88444643,6213002.52663246,Olivar Alto,Pueblo,15945.56170630000,1241681.99509999994
283396.088427051,6164753.27971791,Santa Cruz,Ciudad,17546.45862780000,2647975.34518999979
298356.973955071,6163488.78239448,Nancagua,Ciudad,8458.20468770000,1779952.20027999999
318988.963688874,6211024.10960758,Doihue,Ciudad,9509.20467601000,1586314.49744999991
325959.431009468,6213794.37537542,Lo Miranda,Ciudad,11101.45134350000,1242838.22424999997
290167.236408462,6195866.11806981,Pichidegua,Pueblo,13138.60200130000,1702118.22695000004
291696.747213345,6154605.76055479,Chepica,Pueblo,9452.30523135000,1563998.81456000009
248509.519123419,6221723.91531061,Litueche,Pueblo,4760.56402811000,508214.49771500000
221316.477676062,6162431.07174097,Bucalemu,Pueblo,3398.54298856000,149894.60847300000
248730.526161639,6161135.21853952,Nilahue Cornejo,Aldea,2900.54034097000,261246.66021999999
321150.761753796,6273482.78191062,Talagante,Ciudad,18583.86225000000,5116672.97152000014
332748.705234684,6284340.9250636,Padre Hurtado,Ciudad,21061.04272050000,6890486.89551999979
328089.240864882,6257791.20360279,Valdivia de Paine,Pueblo,3692.25748075000,276637.70082400000
338795.009934985,6266225.58401328,Buin,Ciudad,10145.14065280000,3209955.76486000000
338424.725235211,6251251.11004785,Hospital,Pueblo,3787.82841311000,402446.61546399997
344162.564020285,6265866.35122772,Alto Jahuel,Pueblo,4623.37070041000,571257.29929899995
294833.806955702,6283385.82371548,Bollenar,Pueblo,3052.20381466000,486864.27198199998
324183.52000206,6264320.66453919,Isla de Maipo,Pueblo,3617.57194753000,557635.30144700001
339427.961153054,6257551.44556073,Paine,Ciudad,13587.77674720000,2593192.74843000015
365034.810856863,6283728.30844036,Las Vertientes,Pueblo,2411.89730653000,285276.04330700001
302239.536693013,6302585.3547185,Curacavi,Ciudad,5833.97938646000,1571551.35543000000
363864.537058734,6282533.56970175,El Canelo,Pueblo,3593.47514777000,641488.53122000000
330285.825132241,6290362.69722168,El Maiten,Pueblo,3669.99248903000,375514.63683899998
347464.677419833,6294934.26452115,Santiago,Ciudad,427491.44426199998,582104090.09800004959
258703.198237765,4263179.74477325,Puerto Natales,Ciudad,9583.08882583000,4531643.42674999963
408852.372735164,4094073.61038996,Porvenir,Pueblo,9550.46059962000,2618156.62379000010
208611.43457253,5040591.21109064,Puerto Cisnes,Pueblo,6276.74486449000,801349.40995300002
201535.02329812,4958534.75739687,Puerto Chacabuco,Pueblo,4350.75993317000,605596.62724099995
273693.122236225,4869197.95485692,Puerto Ibaez,Aldea,3796.50050569000,574163.02790600003
330656.391073333,6296641.85298732,Lomas de Lo Aguirre,Ciudad,2790.69677921000,354249.20447300002
372469.418350051,4109757.70441949,Punta Arenas,Ciudad,37304.94242770000,23825195.24199999869
211091.586015003,4965903.27463694,Puerto Aysen,Ciudad,12740.24948710000,2492095.32261000015
508845.651107655,7513655.59235907,Calama,Ciudad,7266.15944592000,1085889.28432999994
211559.707502824,4964731.88245769,Puerto Aysen,Ciudad,5410.58389811000,1123116.02789000003
261405.650243445,4948377.77441751,Cohaique,Ciudad,17677.87999530000,6317037.64714999963
291073.4356476,4842182.69263161,Chile Chico,Pueblo,5641.87530394000,1283623.40552000003
132896.51988737,5925003.57981974,Talcahuano,Ciudad,83548.16591300000,31005191.85110000148
260653.650414375,6333048.73967,Placilla de Peuelas,Ciudad,10517.48606580000,2821870.15591000021
