X,Y,NOMBRE,TIPO_AREA,SHAPE_Leng,SHAPE_Area,datos_com_conb_Comuna,datos_com_conb_Pob_Comun_2002,datos_com_conb_Conurbacion,datos_com_conb_Pob_Conurb_2002,datos_com_conb_vehicle,datos_com_conb_motor vehicle,datos_com_conb_Non-motorized vehicle,datos_com_conb_private transport,datos_com_conb_public transport,datos_com_conb_CO2(movil transport sources),datos_com_conb_Green spaces,datos_com_conb_Iliteracy,datos_com_conb_Municipal spending(M$/hab),datos_com_conb_Unemployment,datos_com_conb_Crime reports,datos_com_conb_Arrested person,datos_com_conb_Companies,datos_com_conb_Sales,datos_com_conb_workers,datos_com_conb_Income(workers),datos_com_conb_Professional technicians,datos_com_conb_University Professional,datos_com_conb_Professionals,datos_com_conb_Solid Waste,datos_com_conb_Municipal spending for Power Consumption,datos_com_conb_Municipal spending for Water Consumption,"datos_com_conb_Municipal Spending cleaning services, garbage collection, landfill",datos_com_conb_Deaths,datos_com_conb_Birthrate,datos_com_conb_Year of scholarship,datos_com_conb_Offence Against Property,datos_com_conb_Offence Against the Person,datos_com_conb_Burglary,datos_com_conb_Robbery,datos_com_conb_Injuries,datos_com_conb_Indigenous,datos_com_conb_Emergency attendence,datos_com_conb_Respiratory Diseases,datos_com_conb_Cardiovascular Diseases,datos_com_conb_Hospitalizations,datos_com_conb_Street length
141540.014877382,5905600.31086943,Chiguayante,Ciudad,29855.99833690000,10380755.34750000015,Chiguayante,81302,Gran Concepción,848023,11858,11639,219,10593,725,52155.1,138213.4,1193.8995445,45090.0892,2148.40535,1207,252,2354,3983982.6,7918,729413.4173,5211.4582,8926.9596,14138.4178,34643,558891,38437,1470258,389,1211,305784.9522,681.99938794,524.9995348,457.2505782,126.1075322,332.9642108,1959.3782,86075,33123,951,,170185.21529
130709.05956514,5887394.76947263,Lota,Ciudad,14233.34973800000,5262641.69737000018,Lota,49089,Gran Concepción,848023,2762,2626,136,1848,494,9570.7,73633.5,848.846988,44185.0089,2392.205148,805,445,1556,5728198.08,5002,706512.2121,2086.2825,1953.7422,4040.0247,15275,375725,67539,892011,312,780,137975.43408,424.99979886,379.997949,318.4010718,45.6282255,324.3506586,1654.2993,75064,21527,1346,2806,94732.40266
130056.366630543,5895883.70755631,Coronel,Ciudad,41577.79183180000,15516848.53470000066,Coronel,95528,Gran Concepción,848023,6199,5792,407,4428,716,75463.12,191056,1439.07009264,60039.348,4417.53760464,1438,503,3416,29751164.25,23424,2291784.9877,4336.9712,5397.332,9734.3032,32283,1206705,229665,2125533,555,1651,354838.756,871.99964488,566.0034,577.0942008,103.5236936,404.5419744,2923.1568,197067,73181,3521,4200,260031.89036
169641.564527159,5869736.08488818,San Rosendo,Ciudad,6499.36942317000,1534402.23041000008,,,,,,,,,,,,,,,,,,,,,,,,,,,,,,,,,,,,,,,,,
138896.599261119,5918364.05146184,Concepcin,Ciudad,82986.89437769999,34542266.07949999720,,,,,,,,,,,,,,,,,,,,,,,,,,,,,,,,,,,,,,,,,
362978.909151827,7957086.57941185,Arica,Ciudad,39931.46523990000,21509819.75079999864,Arica,185268,Arica,175441,29649,28909,740,23811,3379,62454.17,296428.8,1642.31003868,96876.6372,6046.9993056,3347,1478,12660,28031298.74,40970,3221089.8842,10856.7048,19082.604,29939.3088,112257,1831201,398469,1074983,1107,3634,782988.885,2166.99827808,1179.9904188,1492.6857492,227.5832112,842.3950692,24121.8936,132798,31272,3768,8024,478863.34213
382390.456951522,7760723.980149,Iquique,Ciudad,64442.90073380000,24645355.42520000041,Iquique,166204,Gran Iquique,214586,,,,,,93258.19,182824.4,394.2026472,125733.326,6570.04412,5120,2657,12622,112813293.69,62071,5566590.7987,10038.7216,17684.1056,27722.8272,113279,1481510,519307,3816525,1027,3530,759319.5944,2722.46473304,1209.54961,1827.41298,232.7853224,765.535624,9772.7952,256539,75619,4616,11623,347137.43278
376010.730038929,7556320.91652268,Tocopilla,Ciudad,18321.06400050000,4465189.44792000018,Tocopilla,23986,Tocopilla,23352,2588,2495,93,1929,392,,14391.6,124.343424,21656.9594,877.86457344,379,106,1266,13097142.72,3786,723612.2257,1295.244,1237.6776,2532.9216,9300,,,,162,436,87155.5296,202.00001788,176.9974912,128.3658762,18.0518636,150.4305976,208.6782,49454,13342,1242,1522,56486.90334
353372.708078361,7444818.80162248,Mejillones,Ciudad,17400.05844390000,7553971.82359999977,Mejillones,8418,Mejillones,7825,1788,1732,56,1513,116,,14310.6,39.20818188,13216.26,237.2259744,198,71,395,1254288.91,1054,102201.6092,462.99,385.5444,848.5344,3619,160790,73416,424363,39,159,26028.456,120.00002106,78.0003462,83.7793032,5.5845012,62.3681202,192.7722,28285,7720,491,60,26758.43546
351024.49296544,7189278.49499421,Taltal,Ciudad,7610.91797785000,2074162.79765000008,Taltal,11100,Taltal,9564,959,921,38,774,107,,,161.618997,15140.4,294.570357,240,77,631,1185221.39,901,113779.2561,307.47,395.16,702.63,3679,293252,81648,242910,61,175,50119.83,135.999864,104.00034,68.11515,9.87123,88.84662,101.01,27518,6372,387,109,22007.09197
376010.730038929,7556320.91652268,Tocopilla,Ciudad,18321.06400050000,4465189.44792000018,Tocopilla,23986,Tocopilla,23352,2588,2495,93,1929,392,,14391.6,124.343424,21656.9594,877.86457344,379,106,1266,13097142.72,3786,723612.2257,1295.244,1237.6776,2532.9216,9300,,,,162,436,87155.5296,202.00001788,176.9974912,128.3658762,18.0518636,150.4305976,208.6782,49454,13342,1242,1522,56486.90334
328331.672572489,6837369.97567647,Vallenar,Ciudad,13964.74013490000,5723772.15402000025,Vallenar,48040,Vallenar,43750,6204,6092,112,4748,912,,38432,785.6010024,25595.712,1016.853072,779,285,2746,16259430.54,9998,1064238.6308,1460.416,2622.984,4083.4,27093,362800,62279,166883,300,881,154404.4032,509.999846,268.99998,303.045928,27.637412,224.072972,1268.256,76433,22954,1894,3564,238744.93667
296257.971893142,6844714.942708,Freirina,Pueblo,2974.05637531000,224266.67529000001,,,,,,,,,,,,,,,,,,,,,,,,,,,,,,,,,,,,,,,,,
334845.464272263,6676110.0121845,Vicua,Ciudad,6193.36676612000,1711534.88883000007,,,,,,,,,,,,,,,,,,,,,,,,,,,,,,,,,,,,,,,,,
313977.987041318,6482312.10419929,Salamanca,Ciudad,8567.07988772000,2017756.77992999996,Salamanca,24494,Salamanca,11615,2314,2253,61,1833,165,,36741,660.59509698,15641.8684,725.928678,226,110,1595,2124192.26,3232,169240.0285,702.9778,698.079,1401.0568,16343,227082,29640,,154,392,85810.07514,116.99999992,108.9983,62.3592746,5.8467178,97.437132,340.4666,16823,5191,380,687,36938.55225
230683.280511711,5912180.86916164,El Carmen,Pueblo,9226.91471398000,1617639.60474000010,,,,,,,,,,,,,,,,,,,,,,,,,,,,,,,,,,,,,,,,,
90020.5909489427,5828494.49574094,Lebu,Ciudad,5380.41273778000,958943.07405299996,Lebu,25035,Lebu,20838,1511,1506,5,1246,138,,25035,464.74974,17476.9335,805.566216,400,168,880,1761561.12,3248,595390.1924,498.1965,948.8265,1447.023,7744,283957,67840,158747,166,374,75606.95175,230.0000499,169.997664,109.4004465,8.7897885,153.3518925,2949.123,42889,11871,401,1565,51784.37019
188429.647621709,5834279.18220111,Negrete,Ciudad,4079.87560616000,711270.48141600005,,,,,,,,,,,,,,,,,,,,,,,,,,,,,,,,,,,,,,,,,
131480.75797401,5884915.66482316,Lota,Ciudad,3891.61913400000,635335.00646399998,Lota,49089,Gran Concepción,848023,2762,2626,136,1848,494,9570.7,73633.5,848.846988,44185.0089,2392.205148,805,445,1556,5728198.08,5002,706512.2121,2086.2825,1953.7422,4040.0247,15275,375725,67539,892011,312,780,137975.43408,424.99979886,379.997949,318.4010718,45.6282255,324.3506586,1654.2993,75064,21527,1346,2806,94732.40266
173837.617260237,5918544.30762608,Florida,Pueblo,8021.64060463000,1556327.56181000010,,,,,,,,,,,,,,,,,,,,,,,,,,,,,,,,,,,,,,,,,
136897.109791185,5937543.35638092,Isla Quiriquina,Pueblo,4129.94762696000,286644.27229400002,,,,,,,,,,,,,,,,,,,,,,,,,,,,,,,,,,,,,,,,,
112747.45944072,5821753.90864129,Antiguala,Pueblo,10541.35342960000,1042970.93344000005,,,,,,,,,,,,,,,,,,,,,,,,,,,,,,,,,,,,,,,,,
238622.94140225,5874405.12627557,Huepil,Ciudad,8352.78158453000,2675814.86236000014,,,,,,,,,,,,,,,,,,,,,,,,,,,,,,,,,,,,,,,,,
194447.643364778,5890010.4683179,Monte Aguila,Pueblo,7520.83081522000,1747190.38547000010,,,,,,,,,,,,,,,,,,,,,,,,,,,,,,,,,,,,,,,,,
507894.954312216,7517192.65069561,Calama,Ciudad,31299.97526830000,17515368.09470000118,Calama,138402,Calama,136600,33236,31931,1305,24627,4272,124119.07,152242.2,160.477119,64398.4506,4381.0253487,3066,1187,6344,46853067.17,32200,4538646.5916,11404.3248,10933.758,22338.0828,44341,1099776,206834,3206887,598,2893,499827.75084,1990.99996326,1074.9960144,1330.8321114,146.2632336,832.349628,13148.19,100945,26479,3026,3979,392271.07453
353372.708078361,7444818.80162248,Mejillones,Ciudad,17400.05844390000,7553971.82359999977,Mejillones,8418,Mejillones,7825,1788,1732,56,1513,116,,14310.6,39.20818188,13216.26,237.2259744,198,71,395,1254288.91,1054,102201.6092,462.99,385.5444,848.5344,3619,160790,73416,424363,39,159,26028.456,120.00002106,78.0003462,83.7793032,5.5845012,62.3681202,192.7722,28285,7720,491,60,26758.43546
357780.961151406,7387056.05106661,Antofagasta,Ciudad,57876.82435770000,35083002.36200000346,Antofagasta,296905,Antofagasta,285255,42846,41381,1465,35200,3692,186838.65,,680.862546,155548.5295,5775.9839319,5830,1850,15075,151080625.83,82360,13245820.9916,20486.445,36073.9575,56560.4025,123137,2079290,1655983,6372096,1787,6128,1103889.82095,3769.9987423,2059.986271,2463.302023,497.375256,1250.8904555,5106.766,314862,105722,3624,9706,704497.64003
351024.49296544,7189278.49499421,Taltal,Ciudad,7610.91797785000,2074162.79765000008,Taltal,11100,Taltal,9564,959,921,38,774,107,,,161.618997,15140.4,294.570357,240,77,631,1185221.39,901,113779.2561,307.47,395.16,702.63,3679,293252,81648,242910,61,175,50119.83,135.999864,104.00034,68.11515,9.87123,88.84662,101.01,27518,6372,387,109,22007.09197
368241.798317466,6972420.04075872,Copiap,Ciudad,45266.60740530000,16935952.96739999950,,,,,,,,,,,,,,,,,,,,,,,,,,,,,,,,,,,,,,,,,
338735.194948318,7085274.28886747,Chaaral,Ciudad,8704.00587686000,2301685.53514999989,,,,,,,,,,,,,,,,,,,,,,,,,,,,,,,,,,,,,,,,,
319832.064889547,7004673.47909783,Caldera,Ciudad,12305.00449680000,2955959.28780000005,Caldera,13734,Caldera,12776,3572,3466,106,2848,403,,75537,123.2873712,8686.755,199.197936,461,131,803,2474054.78,2889,270992.4348,546.6132,726.5286,1273.1418,8250,179211,72756,,68,284,46435.3407,336.99994776,124.0001658,217.1441538,9.606933,103.767237,373.5648,36319,9678,189,,66158.71639
276932.784699639,6682825.74080068,Coquimbo,Ciudad,49899.27037240000,37315429.74000000209,Coquimbo,163036,Gran La Serena,296253,14430,14249,181,11210,2195,62279.32,472804.4,1600.116822,129939.692,3905.4703174,4347,908,7755,24340368.08,41602,3489266.4409,9178.9268,12879.844,22058.7708,75463,2154076,324021,2571611,1068,3466,681816.552,3186.0006012,1160.9956596,2310.383156,258.7707392,726.080826,1679.2708,214135,52458,2419,11867,493142.56597
289366.782041123,6612962.96635688,Ovalle,Ciudad,16915.68204510000,7385884.25019000005,Ovalle,98089,Ovalle,66405,11683,11544,139,9331,1354,26374.22,107897.9,1555.9367625,46494.186,2385.7697025,1397,364,5987,12318190.52,21982,1557003.8197,3933.3689,4198.2092,8131.5781,23288,825184,154713,1505683,612,1713,417129.35784,908.0000641,488.9932828,559.1073,98.6088717,306.3515648,667.0052,131026,146,3601,3699,202096.74133
309092.852075418,6548798.96614259,Combarbal,Ciudad,6077.45895428000,1283014.96549000009,,,,,,,,,,,,,,,,,,,,,,,,,,,,,,,,,,,,,,,,,
294511.621185863,6498527.1851236,Illapel,Ciudad,8820.44126958000,2260305.07645000005,Illapel,30355,Illapel,21826,3001,2877,124,2351,307,,69816.5,732.654351,15232.139,772.2312,501,166,1785,2913668.46,3471,380181.1034,1086.709,1059.3895,2146.0985,13855,327720,78909,221322,183,452,86630.1345,329.99982925,170.9988215,232.8440985,19.5637975,137.9422265,218.556,27809,2151,190,421,58467.7552
263068.164730288,6466522.96601737,Los Vilos,Ciudad,8504.45073383000,2304555.16160999984,Los Vilos,17453,Los Vilos,10966,2761,2688,73,2304,213,,27924.8,340.1345358,3277.6734,490.67556183,423,117,1037,1240203.75,1871,188819.116,635.2892,631.7986,1267.0878,3959,333586,23774,313552,114,300,57285.9819,296.99979536,126.0001882,197.5347993,6.7787452,111.3553759,181.5112,20555,6262,1027,399,55757.72642
283103.409196598,6688270.94940528,La Serena,Ciudad,49691.97697820000,38650537.61519999802,La Serena,160148,Gran La Serena,296253,27281,27123,158,24395,2462,84178.04,528488.4,1376.38237712,115194.4564,5004.50328752,4688,941,8923,41100482.57,43124,5036799.2169,12411.47,18529.1236,30940.5936,61370,2701262,147911,2666151,993,3246,665895.384,3411.99798144,1275.97919,2289.71603,397.7115432,649.560288,1713.5836,185479,63015,3421,5218,496726.13137
246728.954715171,5942688.61826229,Coihueco,Ciudad,8404.35257044000,1673081.53922999999,Coihueco,23583,Coihueco,7230,2241,2163,78,1885,77,,14149.8,1061.19679554,10720.8318,520.4013444,183,52,1191,1607536.2,4056,232941.8493,398.5527,429.2106,827.7633,5304,184453,13897,205986,141,371,59833.60845,95.99978976,87.0000453,29.2523532,4.8746061,78.012564,282.996,,,,,18172.12086
128866.742158503,5783988.67507081,Contulmo,Pueblo,9332.49417842000,903338.48097300006,,,,,,,,,,,,,,,,,,,,,,,,,,,,,,,,,,,,,,,,,
89193.8360233822,5827046.54198185,Lebu,Ciudad,12475.51455910000,2799199.31377999997,Lebu,25035,Lebu,20838,1511,1506,5,1246,138,,25035,464.74974,17476.9335,805.566216,400,168,880,1761561.12,3248,595390.1924,498.1965,948.8265,1447.023,7744,283957,67840,158747,166,374,75606.95175,230.0000499,169.997664,109.4004465,8.7897885,153.3518925,2949.123,42889,11871,401,1565,51784.37019
176776.456207908,5841737.33251638,El Sauzal,Pueblo,8982.03085853000,2775660.40666999994,,,,,,,,,,,,,,,,,,,,,,,,,,,,,,,,,,,,,,,,,
174622.115405905,5843207.72312833,Nacimiento,Ciudad,12623.19577420000,3522671.79506999999,Nacimiento,25971,Los Angeles,138856,2397,2301,96,1936,171,,44150.7,883.06438374,19834.0527,922.87792674,260,152,1024,3662074.39,7545,526748.0207,646.6779,799.9068,1446.5847,5339,191909,7339,234328,171,372,72499.60476,115.99973121,143.9988066,79.6218918,10.8143244,128.7720093,322.0404,45237,14250,440,941,52909.85435
140320.490950893,5912120.00248368,Chiguayante,Ciudad,13031.30227720000,1609025.43999999994,Chiguayante,81302,Gran Concepción,848023,11858,11639,219,10593,725,52155.1,138213.4,1193.8995445,45090.0892,2148.40535,1207,252,2354,3983982.6,7918,729413.4173,5211.4582,8926.9596,14138.4178,34643,558891,38437,1470258,389,1211,305784.9522,681.99938794,524.9995348,457.2505782,126.1075322,332.9642108,1959.3782,86075,33123,951,,170185.21529
112895.89505828,5807223.67721147,Caete,Ciudad,11662.12704260000,3761494.50328999991,,,,,,,,,,,,,,,,,,,,,,,,,,,,,,,,,,,,,,,,,
234978.795603005,5825034.16317857,Quillaco,Pueblo,5985.17920068000,911186.94327799999,,,,,,,,,,,,,,,,,,,,,,,,,,,,,,,,,,,,,,,,,
247138.468771032,5981063.70390024,San Gregorio,Pueblo,3788.26720649000,521522.77312600001,,,,,,,,,,,,,,,,,,,,,,,,,,,,,,,,,,,,,,,,,
224297.144837759,5903165.29627472,Pemuco,Pueblo,7144.65794550000,2108778.83874000004,,,,,,,,,,,,,,,,,,,,,,,,,,,,,,,,,,,,,,,,,
145966.05482959,5934245.94295023,Punta de Parra,Pueblo,6429.03006610000,606292.41388899996,,,,,,,,,,,,,,,,,,,,,,,,,,,,,,,,,,,,,,,,,
147802.959196525,5948138.21581317,Dichato,Pueblo,7630.54712090000,1059034.94021999999,,,,,,,,,,,,,,,,,,,,,,,,,,,,,,,,,,,,,,,,,
205640.552991974,5928587.47251848,Bulnes,Ciudad,5648.84216601000,1749626.65421999991,Bulnes,20595,Bulnes,10681,1291,1119,172,753,92,,8238,342.091188,12130.455,639.2037198,293,94,1145,2715910.19,3607,339631.8647,607.5525,698.1705,1305.723,2439,171176,17154,224566,156,267,62907.0156,182.0000745,111.0008715,69.4648755,3.91305,101.751657,142.1055,33570,8835,696,1454,30090.38415
220181.921670779,5941805.99910726,Chillan Viejo,Ciudad,14745.06316110000,4474306.61962000001,,,,,,,,,,,,,,,,,,,,,,,,,,,,,,,,,,,,,,,,,
222683.924618439,5943994.83346788,Chillan,Ciudad,32925.26814750000,21701062.92749999836,,,,,,,,,,,,,,,,,,,,,,,,,,,,,,,,,,,,,,,,,
146152.366681652,5941074.79061037,Tome,Ciudad,28211.64692040000,6901670.16401000042,,,,,,,,,,,,,,,,,,,,,,,,,,,,,,,,,,,,,,,,,
207824.032263805,5762966.45490716,Victoria,Ciudad,19381.07762340000,6454703.89101999998,Victoria,33501,Victoria,23977,4197,3994,203,3394,237,,36851.1,987.140466,21316.6863,1645.23411,667,159,1883,3752729.09,4646,484105.8126,877.7262,2107.2129,2984.9391,11706,310841,27463,290640,198,438,96396.44742,433.99975983,232.999455,209.5889562,6.9213066,221.4516603,2358.4704,66721,23169,2202,3442,79513.25991
221487.754631009,5646236.51952937,Villarrica,Ciudad,12099.52085470000,4925456.44390000030,Villarrica,45531,Villarrica ,27408,6454,6260,194,5664,364,,50084.1,905.338404,25119.4527,798.20669286,1209,233,2862,4802937.87,6863,581942.6679,1411.461,2709.0945,4120.5555,13767,511089,36118,295983,269,778,135652.32954,765.99942939,442.9984176,434.2564656,57.0913209,339.7295565,4808.0736,44136,11398,925,2604,121520.05211
228499.610268086,5624428.25992517,Lican Ray,Pueblo,10602.93431500000,2802120.39468999999,,,,,,,,,,,,,,,,,,,,,,,,,,,,,,,,,,,,,,,,,
142713.453554046,5782595.66354751,Puren,Ciudad,9083.36014390000,2548859.04332000017,,,,,,,,,,,,,,,,,,,,,,,,,,,,,,,,,,,,,,,,,
203823.586186589,5781865.33112609,Ercilla,Pueblo,6072.51511969000,1340279.57606000011,,,,,,,,,,,,,,,,,,,,,,,,,,,,,,,,,,,,,,,,,
198494.47482622,5793412.87415105,Collipulli,Ciudad,7652.75403174000,2456089.45367000019,Collipulli,22354,Collipulli,14240,2860,2729,131,2164,150,,11177,630.04771354,12484.709,492.738045,236,168,938,1329614.31,3893,219246.3864,315.1914,684.0324,999.2238,7670,263122,19023,290894,162,378,52661.10612,109.99978674,125.998321,72.2615404,14.8475268,104.9274406,1479.8348,45165,16000,862,769,41415.5201
199542.489298504,5717918.15431067,Pillanlelbun,Pueblo,6208.24660852000,1565850.61440000008,,,,,,,,,,,,,,,,,,,,,,,,,,,,,,,,,,,,,,,,,
140274.922795718,5655116.88033324,Tolten,Pueblo,4971.58559867000,836704.87414099998,,,,,,,,,,,,,,,,,,,,,,,,,,,,,,,,,,,,,,,,,
157791.212349863,5768504.28391408,Lumaco,Pueblo,4713.36152453000,812004.76336200000,,,,,,,,,,,,,,,,,,,,,,,,,,,,,,,,,,,,,,,,,
162981.320179372,5789451.85633191,Los Sauces,Pueblo,8421.27027313000,1516023.58467000001,,,,,,,,,,,,,,,,,,,,,,,,,,,,,,,,,,,,,,,,,
228848.353488247,5716291.20083376,San Patricio,Aldea,3996.74123136000,789303.70011400001,,,,,,,,,,,,,,,,,,,,,,,,,,,,,,,,,,,,,,,,,
165152.3529924,5720213.80626267,Cholchol,Pueblo,7316.65831692000,1753727.67030000011,,,,,,,,,,,,,,,,,,,,,,,,,,,,,,,,,,,,,,,,,
275005.604313492,5738376.03345881,Malalcahuello,Aldea,2697.29286050000,221369.60789300001,,,,,,,,,,,,,,,,,,,,,,,,,,,,,,,,,,,,,,,,,
186276.569085102,5691607.76481882,Quepe,Pueblo,10564.55906150000,1626889.48451999994,,,,,,,,,,,,,,,,,,,,,,,,,,,,,,,,,,,,,,,,,
218823.386912545,5679496.89374116,Los Laureles,Pueblo,5076.77904348000,731280.36353600002,,,,,,,,,,,,,,,,,,,,,,,,,,,,,,,,,,,,,,,,,
169819.30067693,5741395.9755405,Galvarino,Pueblo,5523.58431060000,1002168.79934999999,,,,,,,,,,,,,,,,,,,,,,,,,,,,,,,,,,,,,,,,,
173580.740591291,5702643.51019834,Labranza,Aldea,5195.87425900000,1043378.89832000004,,,,,,,,,,,,,,,,,,,,,,,,,,,,,,,,,,,,,,,,,
183680.207860847,5659648.13030668,Quitratue,Aldea,5208.49759753000,683813.90477000002,,,,,,,,,,,,,,,,,,,,,,,,,,,,,,,,,,,,,,,,,
116503.538649784,5702395.70748329,Nehuentue,Aldea,2539.61202327000,389969.48711900000,,,,,,,,,,,,,,,,,,,,,,,,,,,,,,,,,,,,,,,,,
226572.202344827,5684924.34984787,Hortensias,Aldea,2218.48503992000,276540.11108900001,,,,,,,,,,,,,,,,,,,,,,,,,,,,,,,,,,,,,,,,,
131033.514041137,5288021.2645726,Achao,Pueblo,6878.49314147000,1587466.36412999989,,,,,,,,,,,,,,,,,,,,,,,,,,,,,,,,,,,,,,,,,
205063.436230789,5741887.54644954,Perquenco,Pueblo,5812.75309092000,1378160.31562000001,,,,,,,,,,,,,,,,,,,,,,,,,,,,,,,,,,,,,,,,,
200737.327283788,5729317.89553949,Lautaro,Ciudad,13411.42660390000,6013521.06546999980,Lautaro,32218,Lautaro,18808,2854,2725,129,2199,189,,299627.4,1198.106875,16817.796,1264.2423745,469,78,1400,6417486.53,5567,646002.3994,998.758,1540.0204,2538.7784,10727,345465,33662,258197,254,547,92345.16468,251.99985278,216.9978954,98.10381,24.0410716,182.740496,2864.1802,,,,,76570.78822
145736.063646456,5675806.04975256,Teodoro Schimidt,Pueblo,5457.08387133000,1335950.62905000011,,,,,,,,,,,,,,,,,,,,,,,,,,,,,,,,,,,,,,,,,
138454.287432867,5664866.95405349,Gualpin,Pueblo,4056.49944902000,804017.09725100000,,,,,,,,,,,,,,,,,,,,,,,,,,,,,,,,,,,,,,,,,
187470.69368857,5703022.03637997,Padre de Las Casas,Ciudad,18515.12883150000,6512048.70872000046,,,,,,,,,,,,,,,,,,,,,,,,,,,,,,,,,,,,,,,,,
117987.308643503,5697682.85363375,Puerto Saavedra,Pueblo,6220.68403228000,1125748.20760999992,,,,,,,,,,,,,,,,,,,,,,,,,,,,,,,,,,,,,,,,,
187649.374019758,5635914.11255574,Loncoche,Ciudad,16824.12913430000,5046415.59721999988,Loncoche,23037,Loncoche,14191,2429,2313,116,1875,194,,34555.5,929.9000235,11638.2924,1041.7676955,327,139,935,919558.79,2550,170524.349,532.1547,780.9543,1313.109,20402,183069,15026,262299,168,292,87705.31455,207.99969078,118.9976235,127.2494769,7.9523724,107.3662422,2384.3295,24911,6999,202,949,52425.0421
184862.206979186,5678236.85062931,Pitrufquen,Ciudad,17658.52389360000,4537432.93525999971,,,,,,,,,,,,,,,,,,,,,,,,,,,,,,,,,,,,,,,,,
150417.300675997,5765098.94250117,Capitan Pastene,Pueblo,5299.67987642000,1079792.96513999999,,,,,,,,,,,,,,,,,,,,,,,,,,,,,,,,,,,,,,,,,
244931.114865051,5647874.72485929,Pucon,Ciudad,23452.59360970000,5880999.13071999978,,,,,,,,,,,,,,,,,,,,,,,,,,,,,,,,,,,,,,,,,
293123.35010815,5741324.81058024,Lonquimay,Pueblo,6790.16358828000,1319238.82412000000,,,,,,,,,,,,,,,,,,,,,,,,,,,,,,,,,,,,,,,,,
219378.200311222,5714848.85588074,Vilcun,Pueblo,9403.78059787000,1476733.47946999990,,,,,,,,,,,,,,,,,,,,,,,,,,,,,,,,,,,,,,,,,
238599.726936415,5714101.69130285,Cherquenco,Pueblo,6413.70067662000,1147472.82003000006,,,,,,,,,,,,,,,,,,,,,,,,,,,,,,,,,,,,,,,,,
186811.038880896,5706734.20343277,Temuco,Ciudad,75222.95243380000,37131712.71000000089,Temuco,245347,Gran Temuco,268220,35848,35077,771,30935,2370,99274.02,318951.1,4448.17791205,97500.8978,5478.9665305,7845,1753,16294,62906756.02,90522,9104213.5177,13567.6891,37022.8623,50590.5514,94956,2616776,136571,1813424,1522,4070,1032540.39603,5746.99831412,2098.0112664,3676.524795,334.7269121,1335.2029087,25540.6227,200046,60798,2354,16521,710009.52907
173194.590212462,5456926.42652421,Puerto Octay,Pueblo,5976.79375411000,858899.69008700002,,,,,,,,,,,,,,,,,,,,,,,,,,,,,,,,,,,,,,,,,
194261.602498914,5445855.5831086,Las Cascadas,Pueblo,5251.99086519000,954866.05289000005,,,,,,,,,,,,,,,,,,,,,,,,,,,,,,,,,,,,,,,,,
126843.572966993,5407496.05979398,Los Muermos,Pueblo,6475.96094754000,1278420.15164000005,Los Muermos,16964,Los Muermos,5707,2664,2505,159,1982,136,,,461.8627122,7945.9376,130.436196,147,54,835,1154308.25,942,128979.7768,271.424,342.6728,614.0968,8169,82652,6642,18351,105,179,50877.5806,75.99990748,70.9977328,43.6704252,0.9906976,66.49888,476.6884,12847,3486,271,,13817.94939
164478.853136909,5424632.24809973,Llanquihue,Ciudad,13598.42662500000,4113279.58172000013,Llanquihue,16337,Llanquihue,11447,1117,1104,13,955,51,,,443.15893233,14378.1937,407.2928459,166,100,847,3655903.15,3497,399796.7002,607.7364,655.1137,1262.8501,6741,171949,12501,35841,93,226,51282.65985,83.99978953,82.0003041,48.8574322,9.5800168,68.974814,841.3555,9491,3362,257,268,31655.34507
108470.079178664,5269994.86387332,Chonchi,Pueblo,7421.02000419000,2000714.38871000009,,,,,,,,,,,,,,,,,,,,,,,,,,,,,,,,,,,,,,,,,
124715.909930723,5215821.37835025,Quellon,Pueblo,10637.84360420000,2252900.57585000014,,,,,,,,,,,,,,,,,,,,,,,,,,,,,,,,,,,,,,,,,
121181.9511329,5577198.74593314,Corral,Pueblo,6009.99456959000,326906.74660100002,,,,,,,,,,,,,,,,,,,,,,,,,,,,,,,,,,,,,,,,,
108745.938619037,5367853.90127216,Carelmapu,Pueblo,5178.91452966000,578125.63728000002,,,,,,,,,,,,,,,,,,,,,,,,,,,,,,,,,,,,,,,,,
156833.844274789,5704043.7047018,Nueva Imperial,Ciudad,14773.03528250000,3904419.57489999989,Nueva Imperial,29994,Nueva Imperial,14980,3399,3275,124,2605,240,,32993.4,1195.2039114,15812.8368,463.25733,449,79,1142,1324734.84,1798,209106.0789,578.8842,1208.7582,1787.6424,5890,214357,26778,372935,239,480,93914.2134,172.21145082,163.9741986,87.9154134,5.0869824,145.3119318,7561.4874,29352,10825,420,1382,48538.02019
266317.884516406,5696105.73753513,Mellipeuco,Pueblo,5382.48552571000,1189164.86872999999,,,,,,,,,,,,,,,,,,,,,,,,,,,,,,,,,,,,,,,,,
173699.350194711,5810167.25818569,Angol,Ciudad,21408.29495170000,6912992.76630999986,Angol,48996,Angol,43801,5043,4867,176,4160,396,10434.9,78393.6,1237.61544192,24963.462,1288.1636352,667,203,2420,8489458.76,15306,1192680.7054,1097.5104,3101.4468,4198.9572,13913,530553,45594,413670,314,784,168536.4408,425.00012328,242.0010432,171.5986908,15.5954268,217.41975,1876.5468,116566,47440,1930,2748,128762.1758
247981.174132638,5741430.01233577,Curacautin,Ciudad,12092.66242710000,3712002.31842999998,,,,,,,,,,,,,,,,,,,,,,,,,,,,,,,,,,,,,,,,,
185842.492636555,5681812.24652346,Freire,Pueblo,11511.55296110000,2298426.96639999980,Freire,25514,Pitrufquén,18808,1247,1214,33,1028,78,,45925.2,838.5762922,12037.5052,675.7459442,262,36,1012,2203255.46,2973,257428.0752,380.1586,673.5696,1053.7282,20232,123107,13964,169921,180,351,82242.84816,136.9999744,125.0007402,83.1679858,3.8679224,114.111365,3630.6422,,,,,24368.0195
206199.507036234,5679366.98097398,Radal,Aldea,3257.24390336000,568289.83623400005,,,,,,,,,,,,,,,,,,,,,,,,,,,,,,,,,,,,,,,,,
277264.129629647,5639819.86502293,Curarrehue,Pueblo,7017.76572783000,898285.87931500003,,,,,,,,,,,,,,,,,,,,,,,,,,,,,,,,,,,,,,,,,
237541.57345966,5686419.70940203,Cunco,Ciudad,11147.24557860000,2020889.03215999994,Cunco,18703,Cunco,7316,1849,1792,57,1524,125,,50498.1,467.3711373,8934.4231,361.8357192,112,23,747,2692040.18,1061,127162.8675,314.2104,555.4791,869.6895,11453,121840,17142,186110,139,192,58757.3448,54.99972507,56.9973925,29.4852795,1.963815,52.0953362,1191.3811,,,,,32178.09227
138265.988870763,5706906.47575064,Carahue,Ciudad,10391.24623320000,2368622.41316000000,Carahue,25696,Carahue,9459,1637,1589,48,1279,96,,28265.6,770.6024832,14605.6064,557.1201152,398,64,893,867991.61,558,108197.0097,334.048,750.3232,1084.3712,8888,183171,43520,252184,173,338,64324.28288,202.0001104,195.99624,109.3082144,1.9683136,187.105424,3348.1888,,,,,32517.58671
123945.377804424,5715161.50029714,Trovolhue,Pueblo,8437.85242357000,908077.87471300003,,,,,,,,,,,,,,,,,,,,,,,,,,,,,,,,,,,,,,,,,
182236.134305623,5665164.33333615,Gorbea,Ciudad,16305.47907460000,4210816.67930999957,Gorbea,15222,Gorbea,7852,1332,1281,51,1120,48,,74587.8,346.4892528,9626.3928,641.00511768,292,59,846,1417428.07,3121,156162.5927,375.9834,506.8926,882.876,13695,115502,12822,138952,129,172,41287.3917,163.99984914,127.9987536,78.8301714,25.6201482,98.5365726,907.2312,,,,,40872.80403
182737.53652518,5650506.55302649,Lastarria,Pueblo,6943.21305339000,965152.39237000002,,,,,,,,,,,,,,,,,,,,,,,,,,,,,,,,,,,,,,,,,
214869.39839492,5677865.96984876,Choroico,Aldea,1460.25878505000,91487.30750040000,,,,,,,,,,,,,,,,,,,,,,,,,,,,,,,,,,,,,,,,,
106274.251317164,5826098.28788114,Los Alamos,Ciudad,9229.65625255000,1946771.96078000008,Los Alamos,18632,Los Alamos,13035,,,,,,,33537.6,,,,227,78,579,1435325.6,2194,183911.7872,,,,6222,141524,15150,41882,127,322,60521.394,116.99983032,109.9977384,62.3817992,0.959548,103.6479528,1723.46,,,,,
110635.436360338,5827659.599464,Cerro Alto Tres Pinos,Ciudad,16272.59060350000,1998566.79799000011,,,,,,,,,,,,,,,,,,,,,,,,,,,,,,,,,,,,,,,,,
149658.397458124,5900802.02174299,Hualqui,Ciudad,11086.05188130000,2488381.07047000015,Hualqui,18768,Hualqui,13724,2411,2287,124,1870,173,3447.61,20644.8,606.44081232,10844.1504,702.2572704,367,77,600,965563.08,1058,117308.6179,585.5616,679.4016,1264.9632,6586,182546,17716,272761,120,363,62578.51776,224.99979264,142.0005648,168.564792,6.6663936,119.9969616,350.9616,8832,11711,354,,44016.78989
170946.392197763,5867936.3891513,Laja,Ciudad,8838.84516840000,2113004.59080999997,Laja,22404,Laja,19537,1858,1772,86,1498,140,,17923.2,418.3812576,17670.0348,923.81280912,289,93,818,1903605.24,4779,305790.4546,862.554,884.958,1747.512,4163,241941,24779,349299,132,305,89284.4208,155.99972412,132.9968652,88.0320372,1.9984368,129.04704,474.9648,37235,9909,1002,3,37088.69165
115771.220701607,5843279.05895587,Curanilahue,Ciudad,16477.23223880000,4699848.51226000022,Curanilahue,31943,Curanilahue,30126,2418,2295,123,1699,318,,19165.8,923.983218,25327.6047,1334.642426,464,341,1262,4347825.16,5543,579902.6844,817.7408,1108.4221,1926.1629,11956,276377,15660,277041,192,528,87014.64858,272.99989121,190.9999742,87.2874418,16.8595154,170.6107573,1661.036,66679,16655,1207,4210,73356.99299
143808.846605161,5927388.32863283,Penco,Ciudad,22896.75958220000,6166576.69689999986,Penco,46016,Gran Concepción,848023,3385,3257,128,2570,380,33848.47,50617.6,684.5524224,25722.944,1532.0935168,679,229,1420,2308446.26,3900,368703.8919,2217.9712,2894.4064,5112.3776,14081,322560,38458,623182,270,751,176789.79072,304.99956992,373.99504,193.4190528,62.23664,274.8167552,837.4912,71558,23949,1929,1256,542.09242
238480.142730225,5868699.82931453,Tucapel,Pueblo,6076.50684137000,1053308.76685000001,Tucapel,12777,Huepil,6576,1671,1551,120,1246,53,,60051.9,294.90836463,10268.8749,357.07613583,95,67,551,1434294.32,1666,176445.0659,281.094,413.9748,695.0688,5289,153640,13782,194838,110,148,39322.4952,49.00005054,45.9984777,16.661208,2.9399877,42.1462122,121.3815,23251,7173,377,818,27335.87862
197360.316038775,5895866.66450758,Cabrero,Ciudad,10427.70639160000,3216231.64892000007,Cabrero,25282,Cabrero,18037,2656,2442,214,1991,93,,27810.2,904.16623368,16567.2946,969.615264,245,166,1075,3404244.63,4693,456755.2997,594.127,573.9014,1168.0284,8868,352804,19484,415848,135,369,78171.944,122.00006074,122.99693,74.1065984,3.7973564,112.113029,401.9838,38225,11672,541,,54181.97306
149733.976874611,5878455.18248437,Santa Juana,Ciudad,7493.79989267000,1855265.64526999998,,,,,,,,,,,,,,,,,,,,,,,,,,,,,,,,,,,,,,,,,
183599.353270686,5943160.02571626,Nipas,Pueblo,5077.48978634000,635442.59752499999,,,,,,,,,,,,,,,,,,,,,,,,,,,,,,,,,,,,,,,,,
223889.787297726,5951130.44673379,Villa Illinois,Pueblo,4801.15848014000,480874.35271299997,,,,,,,,,,,,,,,,,,,,,,,,,,,,,,,,,,,,,,,,,
271737.705223779,5951420.89326028,San Fabian de Alico,Pueblo,3705.03323257000,643116.07880500006,,,,,,,,,,,,,,,,,,,,,,,,,,,,,,,,,,,,,,,,,
241534.437551531,5934086.25985914,Pinto,Pueblo,5298.37258093000,1252001.98436999996,,,,,,,,,,,,,,,,,,,,,,,,,,,,,,,,,,,,,,,,,
185652.226090715,5883102.9668675,Estacion Yumbel,Pueblo,4413.84176965000,642552.86241099995,,,,,,,,,,,,,,,,,,,,,,,,,,,,,,,,,,,,,,,,,
183536.545234145,5888136.80185591,Yumbel,Ciudad,9824.40214815000,2237256.57253000000,Yumbel,20498,Yumbel,8302,1965,1907,58,1644,138,,22547.8,568.419789,17162.9754,519.95452278,262,136,688,1198088.48,1625,181922.3145,563.695,592.3922,1156.0872,6095,237244,30786,341241,173,217,59317.1124,149.99985444,111.9969724,70.461875,3.9704626,102.2194264,200.8804,30781,9580,731,11428,33905.94248
236282.412748544,5848513.6345272,Quilleco,Pueblo,5136.29980374000,1099464.72567999992,,,,,,,,,,,,,,,,,,,,,,,,,,,,,,,,,,,,,,,,,
236251.780036465,5856119.07116951,Villa Mercedes,Pueblo,2872.73806751000,505366.03296899999,,,,,,,,,,,,,,,,,,,,,,,,,,,,,,,,,,,,,,,,,
181868.326816473,5979182.7189255,Quirihue,Ciudad,6854.26352269000,1430707.57648000005,Quirihue,11429,Quirihue,7952,986,943,43,719,64,,4571.6,383.5069524,8928.3348,213.059418,130,110,453,999217.16,1720,152410.4223,316.5833,340.5842,657.1675,2429,69030,32899,113171,94,114,36279.76044,72.99988025,56.9998517,38.3945826,2.9521107,51.1939197,91.432,21108,6678,776,1573,23700.43793
212112.704705225,5955503.71111118,San Nicolas,Pueblo,4437.19402383000,902489.43176399998,,,,,,,,,,,,,,,,,,,,,,,,,,,,,,,,,,,,,,,,,
233415.794379224,5826706.36703854,Santa Barbara,Ciudad,5842.56362569000,1073795.00845999992,,,,,,,,,,,,,,,,,,,,,,,,,,,,,,,,,,,,,,,,,
262806.07203163,5865252.78481187,Antuco,Pueblo,4682.35461871000,740509.49771599995,,,,,,,,,,,,,,,,,,,,,,,,,,,,,,,,,,,,,,,,,
148077.813243597,5950053.14988594,Dichato,Pueblo,2700.67853175000,487682.69849099999,,,,,,,,,,,,,,,,,,,,,,,,,,,,,,,,,,,,,,,,,
168341.157959062,5955466.17712995,Coelemu,Ciudad,6352.25657599000,1122565.60522000003,Coelemu,16082,Coelemu,9845,2130,2030,100,1600,193,,,466.313672,9046.125,328.539178,177,126,973,1851512.7,2407,221230.0477,368.2778,498.542,866.8198,4642,115612,24663,288616,123,197,49672.15176,80.99988776,95.9998908,34.9831746,,94.9513444,210.6742,26515,8300,28,927,22518.40897
183995.467198276,5823849.33352445,Renaico,Ciudad,8422.48721327000,3329463.58520000009,Renaico,9128,Renaico,5355,853,794,59,660,33,,,287.627844,5059.6504,279.13597432,110,26,390,405775.52,739,74292.3799,138.7456,277.4912,416.2368,5551,82744,20299,97403,59,129,23885.694,68.00004008,41.9997536,25.7154016,0.9885624,39.5625776,188.0368,,,,,19399.78766
178789.434415154,5759976.71697611,Traiguen,Ciudad,10704.28108910000,4801655.08227000013,,,,,,,,,,,,,,,,,,,,,,,,,,,,,,,,,,,,,,,,,
209161.536892195,5774083.42010661,Pailahueque,Pueblo,4382.67987015000,812716.22548499994,,,,,,,,,,,,,,,,,,,,,,,,,,,,,,,,,,,,,,,,,
193795.544485152,5811647.37187551,Mininco,Pueblo,5501.18959227000,1383663.29229000001,,,,,,,,,,,,,,,,,,,,,,,,,,,,,,,,,,,,,,,,,
107399.082492148,5746692.61629748,Tirua,Pueblo,3130.56341048000,519825.18056100002,,,,,,,,,,,,,,,,,,,,,,,,,,,,,,,,,,,,,,,,,
193135.086487919,5951864.25285182,Portezuelo,Pueblo,4202.01121381000,844301.10586400004,,,,,,,,,,,,,,,,,,,,,,,,,,,,,,,,,,,,,,,,,
131778.086395545,5913880.13483738,San Pedro,Ciudad,34816.40226980000,22338906.39160000160,,,,,,,,,,,,,,,,,,,,,,,,,,,,,,,,,,,,,,,,,
232230.062035586,5887204.98642597,Yungay,Ciudad,10035.07743290000,2593222.02875000006,Yungay,16814,Yungay,9288,2416,2346,70,1960,145,,,347.7942272,15806.8414,608.09646912,258,114,792,3752229.96,2625,310741.3241,507.7828,583.4458,1091.2286,5475,172607,18829,81731,130,208,53962.17904,148.00002266,110.0005508,45.6483286,5.826051,95.1806912,201.768,18484,5497,723,848,28081.01509
216129.324119824,5885544.85049382,Campanario,Pueblo,13090.50520740000,2919256.15236000018,,,,,,,,,,,,,,,,,,,,,,,,,,,,,,,,,,,,,,,,,
234689.77763873,5964772.59763515,San Carlos,Ciudad,14510.50522460000,6058379.39168999996,San Carlos,50088,San Carlos,29359,5048,4842,206,3946,424,,75132,1526.9527152,19013.4048,1328.28467376,601,243,3519,16223492.26,8867,1060720.7253,1217.1384,2183.8368,3400.9752,15415,366766,52063,567907,370,641,159207.71328,404.99954688,195.9993528,213.6553728,14.7659424,170.3292528,415.7304,117603,34960,2797,2072,71303.32725
229448.030137168,5922982.37902412,San Ignacio,Pueblo,6413.29701365000,1814395.44296999997,,,,,,,,,,,,,,,,,,,,,,,,,,,,,,,,,,,,,,,,,
158444.368460493,5994432.39705587,Cobquecura,Pueblo,5623.62468641000,674092.62844799994,,,,,,,,,,,,,,,,,,,,,,,,,,,,,,,,,,,,,,,,,
263047.20128313,5919208.84494206,Recinto Los Lleuques,Pueblo,7236.43427205000,859882.96223199996,,,,,,,,,,,,,,,,,,,,,,,,,,,,,,,,,,,,,,,,,
116929.175741878,5868870.17240188,Arauco,Ciudad,14146.69506930000,2550704.94490000000,Arauco,34873,Arauco,16291,3631,3419,212,2797,202,,34873,974.21526657,24693.5713,987.2999649,515,168,1603,23219682.71,9695,1247243.7486,1210.0931,1398.4073,2608.5004,12357,351581,53472,372373,194,512,117703.00087,242.99959749,271.9989381,109.8464627,9.4645322,238.6254771,1234.5042,47231,13345,809,1171,52249.94643
123914.19503957,5867968.98424761,Carampangue,Pueblo,10367.38903880000,907356.79661399999,,,,,,,,,,,,,,,,,,,,,,,,,,,,,,,,,,,,,,,,,
128097.888830683,5877906.00567694,Laraquete,Pueblo,8309.74482309000,1096327.65868999995,,,,,,,,,,,,,,,,,,,,,,,,,,,,,,,,,,,,,,,,,
203864.419897409,5847790.48407876,Los Angeles,Ciudad,28018.63311280000,15761478.21810000017,Los Angeles,166556,Los Angeles,138856,23497,22533,964,18565,1725,54850.87,516323.6,,,,3412,2337,9889,63591045.61,62671,5647437.8008,,,,57142,1645573,75456,2482474,1067,2949,523652.064,2505.00057444,906.980698,1360.929076,164.0743156,626.8668172,1998.672,,,,,
190373.377841149,5927689.91457482,Quillon,Pueblo,11990.25022120000,5483707.17112999968,,,,,,,,,,,,,,,,,,,,,,,,,,,,,,,,,,,,,,,,,
214382.866405412,5820191.71908769,Mulchen,Ciudad,9691.03151501000,3928739.08694999991,,,,,,,,,,,,,,,,,,,,,,,,,,,,,,,,,,,,,,,,,
194996.61852898,5966762.92806798,Ninhue,Pueblo,5282.80152826000,946423.29905799998,,,,,,,,,,,,,,,,,,,,,,,,,,,,,,,,,,,,,,,,,
117008.661521013,5381792.26430823,Maullin,Pueblo,7501.27386471000,1529896.49849999999,,,,,,,,,,,,,,,,,,,,,,,,,,,,,,,,,,,,,,,,,
116881.516759159,5297713.6380873,Dalcahue,Pueblo,6131.93998742000,1158034.90726000001,,,,,,,,,,,,,,,,,,,,,,,,,,,,,,,,,,,,,,,,,
158308.528394557,5416999.24838427,Nueva Braunau,Pueblo,3036.61341332000,295029.39815399999,,,,,,,,,,,,,,,,,,,,,,,,,,,,,,,,,,,,,,,,,
197328.989826141,5241499.00472511,Chaiten,Pueblo,5738.32493603000,1291327.30389000010,,,,,,,,,,,,,,,,,,,,,,,,,,,,,,,,,,,,,,,,,
267008.151558507,5214618.16957193,Futaleufu,Pueblo,3040.17702477000,537181.58848499996,,,,,,,,,,,,,,,,,,,,,,,,,,,,,,,,,,,,,,,,,
159844.457610468,5518818.49652162,San Pablo,Pueblo,6507.58428543000,1584274.60978000006,,,,,,,,,,,,,,,,,,,,,,,,,,,,,,,,,,,,,,,,,
149766.093058791,5458405.15527702,Corte Alto,Pueblo,4647.05931343000,679115.56918999995,,,,,,,,,,,,,,,,,,,,,,,,,,,,,,,,,,,,,,,,,
204407.85913628,5530676.66102999,Lago Ranco,Pueblo,5751.52864862000,944385.69460299995,,,,,,,,,,,,,,,,,,,,,,,,,,,,,,,,,,,,,,,,,
169950.863337885,5557193.85616883,Paillaco,Ciudad,7442.34979965000,2395111.50591999991,Paillaco,19237,Paillaco,9973,1459,1405,54,1171,131,,113498.3,457.07112,12900.3322,323.123889,203,172,1021,2032173.33,1916,212206.1255,507.8568,523.2464,1031.1032,5868,156656,25441,294319,146,274,58465.0904,128.99985934,74.0008916,62.6779934,1.9564029,57.7821769,744.4719,37353,12714,621,1133,27051.31592
172826.357765121,5409550.08010027,Alerce,Pueblo,5771.53457528000,1521616.82034000009,,,,,,,,,,,,,,,,,,,,,,,,,,,,,,,,,,,,,,,,,
134728.495210501,5241719.53291272,Queilen,Pueblo,5364.57889959000,963246.11080799997,,,,,,,,,,,,,,,,,,,,,,,,,,,,,,,,,,,,,,,,,
156451.897707895,5366848.10450746,Calbuco,Pueblo,8316.40316809000,1499913.49597999989,Calbuco,31070,Calbuco,12165,1150,1109,41,915,117,,15535,1270.26588,18262.946,242.4090721,344,316,967,3703294.72,3238,413770.0177,695.968,742.573,1438.541,17257,94841,14353,337008,203,465,103525.24,176.9998867,167.00125,103.487956,7.664969,146.610009,2460.744,42877,13649,94,774,
253446.754807061,6311156.21434026,El Yeco,Pueblo,2566.64505583000,200585.09635300000,,,,,,,,,,,,,,,,,,,,,,,,,,,,,,,,,,,,,,,,,
248498.859541832,6324022.84091038,Quintay,Pueblo,2375.48321421000,196061.98040599999,,,,,,,,,,,,,,,,,,,,,,,,,,,,,,,,,,,,,,,,,
286335.687632442,6394577.44105388,Catapilco,Pueblo,2405.63998189000,290212.44798800000,,,,,,,,,,,,,,,,,,,,,,,,,,,,,,,,,,,,,,,,,
317693.44145694,6429951.42513967,Petorca,Pueblo,4027.06658610000,303953.74239999999,,,,,,,,,,,,,,,,,,,,,,,,,,,,,,,,,,,,,,,,,
338957.650066369,6388774.20152454,Putaendo,Ciudad,4589.53496932000,623566.85081700003,Putaendo,14649,Putaendo,7214,1809,1786,23,1561,133,,21973.5,372.0377232,10720.1382,230.76393912,263,32,871,958404.2,1910,127284.278,459.9786,524.4342,984.4128,5664,145411,11393,50704,126,206,53584.5771,141.99993501,120.9992751,77.5942881,3.8321784,89.0878935,95.2185,,,,,13555.26696
351870.580483478,6369737.85829722,San Esteban,Pueblo,4450.39555910000,399249.49462800001,San Esteban,14400,Los Andes,63150,2420,2376,44,2070,162,,5760,215.437536,9233.28,276.912,133,42,897,5543820.12,4767,300987.6574,531.36,476.64,1008,5737,134297,7485,233998,92,255,50059.296,87.99984,45,65.39904,,40.75488,119.52,,,,,23424.77507
292437.003947384,6381078.97277649,El Melon,Ciudad,5770.97023382000,911865.77812200005,,,,,,,,,,,,,,,,,,,,,,,,,,,,,,,,,,,,,,,,,
241931.523130229,5615633.45467162,Conaripe,Pueblo,6376.91143491000,968873.02737999998,,,,,,,,,,,,,,,,,,,,,,,,,,,,,,,,,,,,,,,,,
213837.799506527,5606511.88624965,Panguipulli,Ciudad,9613.93819745000,1523272.11605999991,Panguipulli,33273,Panguipulli,11142,2534,2415,119,2030,154,,,759.62259,20745.7155,911.547108,437,167,1482,3759614.76,3038,357303.7184,618.8778,968.2443,1587.1221,9798,164218,42601,490989,254,418,94089.72213,249.00015915,187.9957773,144.1319814,10.713906,171.4025322,3713.2668,52090,20032,893,1716,34483.59943
260632.915931908,6331456.34210995,Curauma,Ciudad,22490.79899240000,4964663.58194999956,,,,,,,,,,,,,,,,,,,,,,,,,,,,,,,,,,,,,,,,,
290257.476992113,6407322.71581813,La Ligua,Ciudad,7441.22156420000,1516333.97989000008,La Ligua,31987,La Ligua,17048,4167,4125,42,3520,259,,35185.7,726.584705,17074.6606,665.00973,444,173,2810,3561405.79,4709,381183.0049,1452.2098,1244.2943,2696.5041,12550,443686,26075,521899,199,442,107812.1835,317.00012636,127.0011848,223.2660613,10.4501529,105.4547416,211.1142,,,,,59889.79296
338516.048774331,6375276.31933979,San Felipe,Ciudad,16085.20082010000,6000964.64092000015,San Felipe,64126,San Felipe,53358,9764,9529,235,7793,944,18741.09,173140.2,874.197695,31004.921,946.6312183,1590,350,4619,13456384.06,32671,2259243.4015,3488.4544,4617.072,8105.5264,25469,686938,200658,838527,396,1166,253748.50578,1049.99976526,539.9986334,606.9333522,30.3444232,293.9728218,436.0568,110465,25479,1534,3251,167557.08275
344719.098446499,6375568.77046127,Santa Maria,Ciudad,5197.22948076000,434201.63702500000,,,,,,,,,,,,,,,,,,,,,,,,,,,,,,,,,,,,,,,,,
276132.782274964,6310801.68567686,Casablanca,Ciudad,12726.48802110000,3492048.91014999989,Casablanca,21874,Casablanca,14437,2897,2494,403,1886,142,,91870.8,471.920613,22283.0438,289.775815,343,186,1312,32912652.71,5304,980390.6153,1113.3866,909.9584,2023.345,9606,515234,34305,213971,128,327,72253.32184,244.0000952,98.9973492,117.408695,6.4681418,79.5054278,201.2408,39182,12249,2790,3,54071.88289
316793.478305197,6364708.69481643,Llaillay,Ciudad,9849.74211248000,2078433.85663999990,Llaillay,21644,Llaillay,16215,3410,3263,147,2756,210,,,581.27905584,9267.9608,852.38314224,421,46,1168,2608821.21,5434,358327.1914,796.4992,861.4312,1657.9304,7895,196109,33757,26683,151,367,60269.8824,228.99979676,191.9995952,114.1526204,5.8049208,132.537034,155.8368,,,,,43419.69614
348047.657503587,6363495.13542775,Calle Larga,Pueblo,6187.57159097000,619756.34096800000,,,,,,,,,,,,,,,,,,,,,,,,,,,,,,,,,,,,,,,,,
341947.963795876,6371258.28022827,Curimon,Pueblo,3154.29851868000,309211.86306000000,,,,,,,,,,,,,,,,,,,,,,,,,,,,,,,,,,,,,,,,,
291656.157518872,6365851.76449866,La Cruz,Ciudad,2593.65342819000,252707.01935300001,La Cruz,12851,Gran Quillota,128874,2431,2347,84,2043,106,,3855.3,144.380985,840.4554,317.15689705,98,21,1043,1858916.07,3198,217253.4596,673.3924,740.2176,1413.61,5210,82110,5063,112514,76,231,48260.00285,70.00003955,27.9984737,48.2259477,1.8916672,24.5852481,115.659,,,,,13072.20588
328057.913255996,6372771.60872965,Panquehue,Pueblo,3555.56192657000,393220.87335499999,,,,,,,,,,,,,,,,,,,,,,,,,,,,,,,,,,,,,,,,,
282002.906146269,6408397.88358096,Pullalli,Pueblo,3280.46459379000,380983.40578299999,,,,,,,,,,,,,,,,,,,,,,,,,,,,,,,,,,,,,,,,,
380319.000828048,6354791.56501222,Saladillo,Pueblo,3577.85344082000,189618.58763200001,,,,,,,,,,,,,,,,,,,,,,,,,,,,,,,,,,,,,,,,,
251273.948560265,6334122.33801166,Laguna Verde,Ciudad,5168.27325182000,723227.67745700001,,,,,,,,,,,,,,,,,,,,,,,,,,,,,,,,,,,,,,,,,
249987.09131261,6300333.80865653,El Quisco,Ciudad,26485.77895860000,11390751.13890000060,El Quisco,9467,El Quisco,18581,7758,7707,51,7456,183,,12307.1,69.9999447,20873.7883,226.33315453,467,220,748,909519.1,981,98318.0178,531.0987,528.2586,1059.3573,4739,318463,28776,27690,71,134,36784.0285,383.99998065,83.0000291,298.6052739,12.628978,59.5398564,299.1572,59706,14838,481,,211545.93235
294194.94986133,6370461.53574944,La Calera,Ciudad,26878.95498430000,7123652.19388000015,,,,,,,,,,,,,,,,,,,,,,,,,,,,,,,,,,,,,,,,,
251740.633122895,6304670.66347949,Algarrobo,Ciudad,24956.00635380000,4922284.83619999979,Algarrobo,8601,El Quisco,18581,13506,13432,74,13279,155,,5160.6,120.48143184,28951.8261,197.0936352,308,142,610,1454706.55,1391,163607.3648,455.853,578.8473,1034.7003,4098,337630,26697,125630,68,126,31153.51008,237.99990519,70.0000986,165.7369695,2.7316776,57.3695301,205.5639,28701,8945,296,,204456.85529
288216.945368224,6346359.07614984,Limache,Ciudad,25781.81761430000,7272918.14888999984,Limache,39219,Limache,45327,5400,5324,76,4339,607,,78438,404.09178993,19778.1417,869.014602,708,324,2392,5006207.01,7262,501392.3706,2106.0603,2533.5474,4639.6077,15038,336311,31686,563086,342,592,174516.7062,516.00006891,192.0005364,303.7472331,23.9510433,155.228802,337.2834,,,,,105777.04243
289578.57024329,6359390.54483263,Quillota,Ciudad,19877.04708270000,6286334.20872000046,Quillota,75916,Gran Quillota,128874,10507,10389,118,9120,734,,235339.6,398.77232396,51653.2464,2034.02573876,1000,361,5062,16127206.53,19820,1381328.922,4699.2004,6194.7456,10893.946,29099,544532,26674,842411,594,1258,260543.712,683.9993642,316.00035,396.2359704,31.656972,250.408926,683.244,11736,21039,1449,4868,210035.21912
258017.64843556,6340752.2903404,Valparaiso,Ciudad,109234.39361299999,37982006.11710000038,,,,,,,,,,,,,,,,,,,,,,,,,,,,,,,,,,,,,,,,,
273046.014263733,6340441.48924321,Quilpue,Ciudad,44206.34420550000,23086531.15109999850,,,,,,,,,,,,,,,,,,,,,,,,,,,,,,,,,,,,,,,,,
278638.718636524,6340724.32096711,Villa Alemana,Ciudad,36848.86881310000,18005392.30180000141,Villa Alemana,95623,Gran Valparaiso,814494,7634,7488,146,6237,959,25303.52,57373.8,732.3478701,40601.5258,3661.7393505,1612,269,3654,5668726.57,9741,844305.9647,8233.1403,9590.9869,17824.1272,42309,907027,79621,494745,756,1557,396154.61424,1207.99962162,403.9976127,836.7490615,95.4413163,241.8401293,1157.0383,,,,,287736.68272
267161.663026201,6374548.45835618,Las Ventanas (La Greda),Pueblo,3140.61635890000,397367.04082400003,,,,,,,,,,,,,,,,,,,,,,,,,,,,,,,,,,,,,,,,,
269269.205623043,6395613.55070457,Zapallar,Pueblo,5250.72100011000,1037881.13350999996,,,,,,,,,,,,,,,,,,,,,,,,,,,,,,,,,,,,,,,,,
272417.409245195,6386587.98654293,Maitencillo,Pueblo,2886.11440339000,224742.83872699999,,,,,,,,,,,,,,,,,,,,,,,,,,,,,,,,,,,,,,,,,
326650.170101459,6371396.52555489,Panquehue,Pueblo,2320.74152719000,188844.43911300000,,,,,,,,,,,,,,,,,,,,,,,,,,,,,,,,,,,,,,,,,
270103.93871262,6392389.6678034,Cachagua,Pueblo,4358.00455175000,727432.04374600004,,,,,,,,,,,,,,,,,,,,,,,,,,,,,,,,,,,,,,,,,
264676.10299458,6345152.64574098,Via del Mar,Ciudad,65719.97943420000,36872763.13030000031,,,,,,,,,,,,,,,,,,,,,,,,,,,,,,,,,,,,,,,,,
256974.470298323,6273561.72128171,Rocas de Santo Domingo,Ciudad,17187.94842230000,9682428.28328000009,,,,,,,,,,,,,,,,,,,,,,,,,,,,,,,,,,,,,,,,,
293612.470238864,6375947.95970329,Nogales,Ciudad,8496.91525889000,1170782.23196000000,Nogales,21633,Nogales,8969,3073,3050,23,2380,381,,49755.9,362.028255,14647.7043,267.9009087,114,64,1147,1510348.52,4744,329872.0959,873.9732,607.8873,1481.8605,8577,209761,11445,194939,123,292,57041.02908,73.99978677,39.999417,35.9886588,1.8928875,35.9886588,166.5741,,,,,48202.82387
262801.8611958,6369810.78426984,Quintero,Ciudad,11684.13313000000,3695513.66902999999,Quintero,21174,Quintero,18719,1843,1780,63,1409,265,,23291.4,316.92840894,15501.4854,560.71949274,706,183,1371,2757212.76,4291,392641.0763,1463.1234,1325.4924,2788.6158,8461,301777,49119,146903,153,388,59491.74084,548.99989548,157.0009752,385.3964436,24.6804144,117.7041486,298.5534,,,,,131510.36976
315888.276946736,6371764.9111227,Catemu,Ciudad,3790.69282543000,669596.27878900000,Catemu,12112,Catemu,6706,1236,1177,59,1015,66,,1211.2,232.48984,7287.7904,287.0192752,221,35,695,700983.04,1611,114318.5184,329.4464,329.4464,658.8928,4446,92795,8704,156556,73,197,40552.7928,120.99997008,99.9990944,66.6450688,1.9306528,73.404776,95.6848,,,,,17868.28533
253900.027737132,6309070.38892858,Algarrobo Norte,Pueblo,7895.19797841000,1119083.96399000008,,,,,,,,,,,,,,,,,,,,,,,,,,,,,,,,,,,,,,,,,
299256.821476004,6368828.95192296,Hijuelas,Ciudad,3772.63416408000,447372.15345200000,Hijuelas,16014,Gran Quillota,128874,2073,2028,45,1573,208,,20818.2,413.50998492,8532.2592,337.69010052,79,27,1198,6254323.77,7674,553439.8761,462.8046,349.1052,811.9098,6246,92871,8284,197390,79,238,49311.9102,31.99981536,46.9994886,18.0621906,1.8992604,39.9245034,110.4966,,,,,7986.44944
297572.452421799,6347428.16870693,Olmue,Ciudad,15014.38956130000,5935316.13609999977,,,,,,,,,,,,,,,,,,,,,,,,,,,,,,,,,,,,,,,,,
273796.808159371,6376340.66509034,Puchuncavi,Pueblo,3581.60867139000,453046.90758499998,,,,,,,,,,,,,,,,,,,,,,,,,,,,,,,,,,,,,,,,,
341996.296987079,6364495.18716815,Rinconada,Localidad,3348.51710931000,353787.57773199998,Rinconada,6692,Rinconada,5727,1197,1176,21,942,116,,4015.2,203.93890076,1677.6844,136.1273256,57,27,405,529869.04,2182,75232.1796,211.4672,262.3264,473.7936,2639,138308,45870,16558,40,156,16668.63436,45.0000194,11.9994252,19.9809736,,11.4178904,32.7908,,,,,19351.75294
292782.227316267,6408796.383276,Valle Hermoso,Pueblo,6230.38339280000,547751.68662599998,,,,,,,,,,,,,,,,,,,,,,,,,,,,,,,,,,,,,,,,,
253684.81928319,6295110.49961702,El Tabo,Ciudad,23806.00535150000,8057158.65964999981,El Tabo,7028,El Quisco,18581,7508,7485,23,7254,154,,14758.8,43.1505144,17312.7752,83.903778,162,66,500,2033295.73,671,71095.435,376.7008,409.0296,785.7304,3535,169776,21641,96028,42,90,23868.845,139.99993868,21.9990456,114.8719572,1.8083044,18.0893692,118.0704,,,,,211330.55097
257154.898839919,6289810.39934765,Las Cruces,Ciudad,16989.94175210000,4151702.22569999984,,,,,,,,,,,,,,,,,,,,,,,,,,,,,,,,,,,,,,,,,
258874.442609638,6286002.70933554,Cartagena,Ciudad,25981.42491160000,6973551.94223999977,Cartagena,16875,Gran San Antonio,106255,2697,2622,75,2023,425,,6750,260.9145,30906.5625,616.707,429,347,1092,1446847.83,1625,165857.1512,801.5625,735.75,1537.3125,7891,296660,28931,56172,117,221,42511.5,335.99998125,92.9998125,275.8708125,8.2485,68.7369375,268.3125,42093,12530,545,,76651.91895
129639.178790574,5324270.72595125,Quemchi,Pueblo,8272.41420277000,896958.38336400001,,,,,,,,,,,,,,,,,,,,,,,,,,,,,,,,,,,,,,,,,
167015.160184778,5417626.49726385,Puerto Varas,Ciudad,13578.82469270000,3338445.68123000022,Puerto Varas,32912,Gran Puerto Montt,175140,5783,5613,170,5027,389,,,620.8815888,28646.6048,743.97576,406,278,2809,12152754.5,10918,1174684.4419,1464.584,2642.8336,4107.4176,17517,471805,47152,608217,196,746,108291.67008,254.99987216,151.000256,139.4218144,10.3606976,124.3481184,1398.76,25435,11129,232,,101482.74583
159804.309332458,5439583.46029802,Frutillar,Pueblo,18960.02960310000,3031965.92095000017,Frutillar,15525,Frutillar,9118,1634,1597,37,1340,122,,304290,368.6256,11218.365,397.424475,155,76,1010,2784096.22,3154,289469.3156,490.59,569.7675,1060.3575,20834,173412,20797,25000,114,259,42894.17775,72.99994725,81.9983925,39.09195,,74.367855,995.1525,15865,5062,522,63,27194.2268
129054.937063343,5434907.5602216,Fresia,Ciudad,10336.09518570000,1902824.85746000009,Fresia,12804,Fresia,6144,953,928,25,771,51,,5121.6,421.29628596,6820.6908,237.9969108,136,60,653,862074.65,955,96634.1485,222.7896,293.2116,516.0012,7037,103886,13967,,104,110,33812.163,59.99992812,75.998142,30.7052724,6.9320856,64.3797924,777.2028,17567,4628,64,466,17578.87297
174267.717491006,5580463.54815995,Los Lagos,Ciudad,11585.28957340000,2301392.40339000011,Los Lagos,20168,Los Lagos,9479,1475,1430,45,1186,142,,50420,631.2826016,13514.5768,308.55547568,295,118,808,1514427.47,2110,174202.7739,431.5952,520.3344,951.9296,9604,139362,14991,268821,131,310,50921.37648,186.99991448,107.99964,82.2471208,3.8702392,99.6642056,601.0064,32702,11005,468,763,23687.71781
138175.223388144,5583003.20426401,Valdivia,Ciudad,39647.65947110000,30136348.16950000077,Valdivia,140559,Valdivia,127750,17321,16826,495,14377,1663,51561.6,1405590,1276.27572,80919.8163,4492.4905344,2853,2002,7653,40254151.39,44553,5388092.4539,6592.2171,18075.8874,24668.1045,65656,1343595,168445,2252534,933,2272,517774.37712,2062.00053,790.9957725,1264.0330311,74.8476675,656.4948654,6395.4345,199906,68837,5542,9171,341665.58658
212279.664963905,5348064.05026236,Rio Negro,Ciudad,7448.71577626000,777549.01644499996,,,,,,,,,,,,,,,,,,,,,,,,,,,,,,,,,,,,,,,,,
195766.13759091,5489899.38174022,Entre Lagos,Pueblo,7664.60623821000,1054465.96950999997,,,,,,,,,,,,,,,,,,,,,,,,,,,,,,,,,,,,,,,,,
150109.630018777,5462902.93435848,Purranque,Ciudad,11649.31795500000,3924530.74128999980,Purranque,20705,Purranque,11618,1943,1896,47,1638,121,,,418.28241,10174.437,424.55664615,157,127,1065,3182217.12,17629,365104.5949,672.9125,629.432,1302.3445,3633,141218,14302,152559,168,288,69320.7541,79.99977195,76.997754,27.608047,4.92779,70.9912335,1544.593,30259,8752,640,852,36864.4691
149891.580328984,5499870.73216382,Osorno,Ciudad,43305.10997780000,27418520.00219999999,Osorno,145475,Osorno,132245,,,,,,34108.72,1352917.5,1989.57429,69391.575,5250.2654875,1935,1469,8774,62537642.55,46974,4889221.8787,7637.4375,11710.7375,19348.175,71938,1689662,223391,2929394,1057,2551,426903.66125,1332.999063,601.9900975,759.408595,74.01768,467.178415,12074.425,226030,83257,3922,3023,398570.96102
153545.374519289,5531073.35784281,La Union,Ciudad,14871.68012340000,5783155.06243999954,,,,,,,,,,,,,,,,,,,,,,,,,,,,,,,,,,,,,,,,,
211356.231492188,5552683.44327615,Futrono,Pueblo,9699.11427106000,2019911.24891999993,Futrono,14981,Futrono,6603,1208,1160,48,956,102,,19475.3,423.48949964,8936.1665,243.77143124,189,75,576,1041943.37,1400,167829.7843,289.1333,402.9889,692.1222,7012,104559,12361,294177,88,201,49292.73335,109.99994003,78.9993073,43.6156834,2.9078121,71.7245337,1712.3283,16371,6720,183,,14279.20947
164272.492350876,5527466.71600148,Rio Bueno,Ciudad,9963.63682619000,2990096.38688000012,,,,,,,,,,,,,,,,,,,,,,,,,,,,,,,,,,,,,,,,,
159343.550301211,5616008.12222702,San Jose de La Mariquina,Ciudad,7111.04073574000,1705614.74756000005,,,,,,,,,,,,,,,,,,,,,,,,,,,,,,,,,,,,,,,,,
161050.45801019,5602339.08057921,Mafil,Pueblo,7404.59260123000,1565737.09061000007,,,,,,,,,,,,,,,,,,,,,,,,,,,,,,,,,,,,,,,,,
198485.181012442,5617111.04723159,Malalhue,Pueblo,4522.77886225000,1252962.87858000002,,,,,,,,,,,,,,,,,,,,,,,,,,,,,,,,,,,,,,,,,
123984.244161428,5577581.95216164,Niebla,Pueblo,7218.44008849000,945267.63644100004,,,,,,,,,,,,,,,,,,,,,,,,,,,,,,,,,,,,,,,,,
98991.2945777816,5494813.51602634,Muicolpue,Pueblo,7437.26117795000,693142.26322700002,,,,,,,,,,,,,,,,,,,,,,,,,,,,,,,,,,,,,,,,,
100343.187067797,5353284.9617954,Ancud,Ciudad,14740.32640550000,5755670.88870000001,Ancud,39946,Ancud,27292,4533,4447,86,3637,497,,119838,589.922528,18115.511,309.7093272,458,356,2708,8970717.72,10416,837877.1162,978.677,1813.5484,2792.2254,17317,240368,67360,470216,243,590,109687.7214,260.99957426,197.0016882,117.6849106,10.6975388,174.0926572,2588.5008,46524,11988,741,2466,87265.97534
170002.090990815,5401943.53147785,Puerto Montt,Ciudad,33644.09325500000,22152181.30059999973,Puerto Montt,175938,Gran Puerto Montt,175140,24672,24052,620,19733,2704,73766.26,52781.4,3049.60724796,100319.8476,2982.500976,2616,2802,11715,114668284.87,93313,9990903.8772,10169.2164,12737.9112,22907.1276,102617,1846950,144457,2613231,1089,3695,629847.48372,1692.9985926,923.0059356,1003.5679458,93.9157044,694.1985666,8005.179,305406,113048,3977,10098,521357.54058
107428.956083809,5286272.52167056,Castro,Ciudad,18602.17904050000,5761010.90354000032,Castro,39366,Castro,29148,5241,5154,87,4129,555,,,852.844707,26528.7474,480.6942894,543,367,2591,9860524.87,11504,751173.4601,1417.176,2554.8534,3972.0294,12011,301044,52617,826028,275,776,141550.2945,378.99970794,163.998756,210.4663824,8.2353672,136.3480776,2905.2108,55930,17063,1609,2866,75008.9555
258021.877937611,6279393.46554316,San Antonio,Ciudad,31977.14425170000,12043384.72550000064,San Antonio,87205,Gran San Antonio,106255,7765,7203,562,5116,1298,32601.69,191851,1206.097473,62089.96,3846.473022,1692,798,5069,16555138.94,15604,1603763.9972,4874.7595,4220.722,9095.4815,32918,815069,63892,1357267,577,1307,266760.095,1095.9994164,596.0025725,850.9027875,142.1354295,353.4157035,1421.4415,17339,45046,2286,3573,247011.21674
287446.721000477,6353573.21728236,San Pedro,Pueblo,3470.56731826000,592937.87195900001,,,,,,,,,,,,,,,,,,,,,,,,,,,,,,,,,,,,,,,,,
272476.079114394,6387147.11974177,Laguna de Zapallar,Pueblo,2828.63589177000,376342.10218799999,,,,,,,,,,,,,,,,,,,,,,,,,,,,,,,,,,,,,,,,,
305491.458838009,6410033.50566102,Cabildo,Ciudad,7332.12224902000,1517413.05168000003,Cabildo,18916,Cabildo,11287,2249,2213,36,1896,142,,18916,472.7335392,8283.3164,248.84168244,205,54,1402,2569610.74,5045,350625.5576,618.5532,520.19,1138.7432,7002,170220,29844,225021,134,260,51387.2056,135.00008712,70.0005496,99.0555256,3.8456228,59.6270152,151.328,,,,,25885.99237
342109.011892112,6239003.24411283,San Francisco de Mostazal,Ciudad,11917.75865190000,2170238.15189999994,,,,,,,,,,,,,,,,,,,,,,,,,,,,,,,,,,,,,,,,,
346797.364951695,6232473.11065698,Codegua,Pueblo,13836.93451930000,3160246.29871999985,Codegua,10796,Codegua,5113,2989,2934,55,1566,1296,,,,9828.6784,258.1690664,256,51,487,1805162.43,3613,154854.6627,296.89,264.502,561.392,2596,77725,10406,35324,65,159,31032.88608,168.99993624,86.999566,115.2462204,7.6187372,74.2894352,186.7708,15738,6642,525,0,14807.53364
234358.007419049,6235784.56210917,La Vega de Pupuya,Pueblo,1693.52888781000,152561.46979400000,,,,,,,,,,,,,,,,,,,,,,,,,,,,,,,,,,,,,,,,,
280377.255779878,6206905.03968838,El Carmen,Aldea,1741.09795345000,204818.72590500000,,,,,,,,,,,,,,,,,,,,,,,,,,,,,,,,,,,,,,,,,
319208.57778708,6173791.86240374,El Trapiche,Aldea,2951.39742249000,379136.88634000003,,,,,,,,,,,,,,,,,,,,,,,,,,,,,,,,,,,,,,,,,
248470.235555039,6195150.03050597,Rinconada de Alcones,Aldea,2608.10007317000,156727.22164199999,,,,,,,,,,,,,,,,,,,,,,,,,,,,,,,,,,,,,,,,,
325303.955155223,6198686.84808272,Esmeralda,Aldea,1267.31700106000,86713.08396710000,,,,,,,,,,,,,,,,,,,,,,,,,,,,,,,,,,,,,,,,,
344702.567217927,6227693.64276585,La Compaia,Aldea,3183.67509737000,327503.55833099998,,,,,,,,,,,,,,,,,,,,,,,,,,,,,,,,,,,,,,,,,
308466.774150853,6203656.35673076,Coltauco,Pueblo,7106.14131754000,877958.93472200003,,,,,,,,,,,,,,,,,,,,,,,,,,,,,,,,,,,,,,,,,
310046.010040544,6204558.52871893,El Almendro Centro,Aldea,2737.24181000000,208548.10047700000,,,,,,,,,,,,,,,,,,,,,,,,,,,,,,,,,,,,,,,,,
209387.869068452,6128282.46960318,Iloca,Pueblo,11955.90575100000,1368373.73692000005,,,,,,,,,,,,,,,,,,,,,,,,,,,,,,,,,,,,,,,,,
180381.07044326,6039529.00180678,Chanco,Pueblo,4053.94346954000,708228.00046300003,,,,,,,,,,,,,,,,,,,,,,,,,,,,,,,,,,,,,,,,,
245951.737512343,6079831.97976857,Pencahue,Pueblo,3333.99212482000,335185.63637700002,Pencahue,8315,Talca,210339,2656,2585,71,2351,56,,,,,,50,4,494,1691417.76,1205,107564.7171,,,,4275,107123,8516,113561,68,84,,,,,,,,,,,,5164.71563
294694.350177371,6093383.60071648,Curepto,Pueblo,7823.34820557000,855371.14106299996,,,,,,,,,,,,,,,,,,,,,,,,,,,,,,,,,,,,,,,,,
202319.783479215,6072030.75036122,Santa Olga,Pueblo,5457.79218805000,804615.57000099996,,,,,,,,,,,,,,,,,,,,,,,,,,,,,,,,,,,,,,,,,
266284.665787714,6040772.81916248,Yerbas Buenas,Pueblo,5735.70718126000,777991.97466499999,,,,,,,,,,,,,,,,,,,,,,,,,,,,,,,,,,,,,,,,,
251194.556467155,6006480.15832916,Retiro,Pueblo,6156.66646491000,1074417.73500999995,,,,,,,,,,,,,,,,,,,,,,,,,,,,,,,,,,,,,,,,,
305992.715878056,6165189.66042611,Placilla,Pueblo,6215.01970624000,454201.53380300000,,,,,,,,,,,,,,,,,,,,,,,,,,,,,,,,,,,,,,,,,
335388.320221891,6211421.33142977,Los Lirios,Pueblo,4786.51983460000,719884.92894600006,,,,,,,,,,,,,,,,,,,,,,,,,,,,,,,,,,,,,,,,,
337522.040819887,6213474.34399865,Gultro,Ciudad,13457.49745750000,2950077.59832999995,,,,,,,,,,,,,,,,,,,,,,,,,,,,,,,,,,,,,,,,,
257793.109347224,6153954.87084147,Lolol,Pueblo,4902.64741074000,462464.98500599997,,,,,,,,,,,,,,,,,,,,,,,,,,,,,,,,,,,,,,,,,
234107.781332674,6162101.61739049,Paredones,Pueblo,7885.22433819000,486320.71773600002,,,,,,,,,,,,,,,,,,,,,,,,,,,,,,,,,,,,,,,,,
348010.961399173,6236089.88252899,La Punta,Pueblo,3928.62025775000,292189.80134700000,,,,,,,,,,,,,,,,,,,,,,,,,,,,,,,,,,,,,,,,,
328802.241833548,6159907.27712733,Puente Negro,Aldea,9219.46298107000,772420.00198800000,,,,,,,,,,,,,,,,,,,,,,,,,,,,,,,,,,,,,,,,,
318974.815703758,6205484.84210377,Coinco,Pueblo,18611.70256260000,2226377.95606999984,,,,,,,,,,,,,,,,,,,,,,,,,,,,,,,,,,,,,,,,,
359673.564292298,6214338.07327564,Coya,Ciudad,6143.46622164000,861249.47339900001,,,,,,,,,,,,,,,,,,,,,,,,,,,,,,,,,,,,,,,,,
280875.867214055,6206491.1967487,Santa Julia,Aldea,1935.36006943000,190962.63798199999,,,,,,,,,,,,,,,,,,,,,,,,,,,,,,,,,,,,,,,,,
317772.819551204,6171006.10335625,San Fernando,Ciudad,31103.55428770000,8335864.39890999999,San Fernando,63732,San Fernando,49519,7603,7549,54,6503,551,17192.65,82851.6,1040.9857416,,1536.6932376,1168,670,4469,20333657.78,27183,1884558.7539,2810.5812,4040.6088,6851.19,25000,,,,404,1097,206824.36104,880.99993932,286.9915692,406.418964,37.4680428,229.6327692,656.4396,92327,13734,827,2585,154020.83483
330950.449008615,6198113.11196278,Rosario,Localidad,10992.24451760000,1744050.05172999995,,,,,,,,,,,,,,,,,,,,,,,,,,,,,,,,,,,,,,,,,
332379.590672704,6204881.81258748,Requinoa,Ciudad,14074.05407870000,2112130.01013999991,,,,,,,,,,,,,,,,,,,,,,,,,,,,,,,,,,,,,,,,,
329400.70154058,6191363.62175571,Rengo,Ciudad,16965.07836940000,5877057.76267000008,Rengo,50830,Rengo,30891,5534,5376,158,4457,524,,55913,1285.6304825,20326.917,1325.39225,920,240,2524,6487228.82,15405,868462.4198,2200.939,2007.785,4208.724,14754,483644,55172,472744,306,805,181089.4995,598.0002093,321.997884,287.885871,53.025856,244.329644,864.11,77949,12153,1497,274,111370.51308
340260.384831142,6217993.58339254,Rancagua,Ciudad,55707.69183800000,32425446.12770000100,Rancagua,214344,Gran Rancagua,239290,33785,33209,576,28885,3089,81299.66,,2181.807576,95447.3832,6713.25408,4837,2322,10464,150222312.31,86027,8272798.0604,15947.1936,17361.864,33309.0576,78094,1691067,429582,3573109,1321,3823,821501.24472,3229.99903512,1607.0012712,2066.7262824,549.2565,857.91186,3386.6352,238749,60045,7763,7148,582930.57597
223211.832177095,6190102.27678483,Pichilemu,Ciudad,22449.03101410000,4663758.26798999961,Pichilemu,12392,Pichilemu,9027,2514,2424,90,2096,75,,23544.8,387.71816976,11185.0192,341.226112,249,103,939,1252880.76,1466,144670.8665,428.7632,462.2216,890.9848,3612,353121,50563,402851,75,151,38625.36832,172.99987912,75.9988968,105.2725184,3.791952,67.3368888,131.3552,29992,6403,936,667,92769.16166
302395.119862673,6139371.73576668,Teno,Ciudad,4871.65353265000,741392.66922799998,Teno,25596,Teno,6729,4425,3888,537,2945,125,,33274.8,1485.52298676,12705.8544,481.91918436,255,29,1802,7139610.94,8198,537253.6465,504.2412,414.6552,918.8964,13052,276249,15223,199362,128,338,84836.40624,165.99978648,88.997292,93.9219624,2.9025864,78.4312632,102.384,26652,7066,351,285,15984.71413
292872.233713729,6118271.57469543,Lontue,Ciudad,11073.30662310000,1203707.58767000004,,,,,,,,,,,,,,,,,,,,,,,,,,,,,,,,,,,,,,,,,
291696.592171321,6112172.18396646,Molina,Ciudad,14360.40102960000,2935171.29459000006,Molina,38521,Molina,27203,3855,3678,177,3139,126,,84746.2,885.4591144,22946.9597,989.01280744,598,94,2082,4667898.25,9099,616199.3656,1336.6787,1282.7493,2619.428,12598,432645,18936,745606,336,573,106839.91955,412.99981982,184.9971025,206.9964456,16.4407628,159.5963551,389.0621,,9786,971,1190,78097.26599
244345.344999701,6126082.80039234,Hualane,Pueblo,6237.41530519000,1381641.06826999993,,,,,,,,,,,,,,,,,,,,,,,,,,,,,,,,,,,,,,,,,
299259.25203011,6131549.15728937,Sarmiento,Pueblo,8158.49907855000,1715178.88715999993,,,,,,,,,,,,,,,,,,,,,,,,,,,,,,,,,,,,,,,,,
176884.653758624,6031022.97767939,Pelluhue,Pueblo,12450.04107630000,2365773.41397000011,,,,,,,,,,,,,,,,,,,,,,,,,,,,,,,,,,,,,,,,,
202915.296904385,6056362.41531805,Empedrado,Pueblo,5855.43889686000,851168.69352900004,,,,,,,,,,,,,,,,,,,,,,,,,,,,,,,,,,,,,,,,,
180923.952311515,6066255.21018585,Los Pellines,Pueblo,12002.94294650000,2246935.18324000016,,,,,,,,,,,,,,,,,,,,,,,,,,,,,,,,,,,,,,,,,
189889.96562799,6084575.40627021,Constitucion,Ciudad,13438.06856640000,4383235.00219000038,,,,,,,,,,,,,,,,,,,,,,,,,,,,,,,,,,,,,,,,,
282659.343864841,6124462.65666,Sagrada Familia,Pueblo,5393.69404755000,775804.32304599998,,,,,,,,,,,,,,,,,,,,,,,,,,,,,,,,,,,,,,,,,
264464.315864013,6082771.6808639,Panguilemo,Pueblo,8285.74589933000,1043757.99309999996,,,,,,,,,,,,,,,,,,,,,,,,,,,,,,,,,,,,,,,,,
257470.433378419,6046762.74274185,Estacion Villa Alegre,Pueblo,5081.83370954000,905006.60667500005,,,,,,,,,,,,,,,,,,,,,,,,,,,,,,,,,,,,,,,,,
251694.239415722,6048665.12298007,Villa Alegre,Pueblo,3622.09547232000,648702.20402099995,Villa Alegre,14725,Villa Alegre,5456,1526,1493,33,1317,59,,22087.5,339.8750875,7640.8025,440.82306125,252,39,909,1786894.64,5081,320366.957,368.125,388.74,756.865,6958,175604,17893,154345,105,179,41725.0545,173.00004925,78.999625,77.1516375,6.923695,69.23695,95.7125,,,,,25478.20023
257853.969034022,6016478.86877325,Longavi,Ciudad,7754.43345418000,1850244.04894999997,,,,,,,,,,,,,,,,,,,,,,,,,,,,,,,,,,,,,,,,,
262044.418536405,6113637.02907484,Villa Prat,Pueblo,8263.78403414000,784278.30397300003,,,,,,,,,,,,,,,,,,,,,,,,,,,,,,,,,,,,,,,,,
265622.866312406,6030137.4720331,Linares,Ciudad,21295.87807510000,10201795.31980000064,Linares,83249,Linares,65133,11690,11361,329,9298,1047,23103.87,224772.3,1178.44870179,32708.5321,2784.04719009,2488,268,5482,12967679.06,23169,1295376.073,3013.6138,4811.7922,7825.406,26997,860223,41526,1279939,625,1376,235282.48625,1665.99896776,821.9923011,633.0004213,167.4387137,592.3416097,740.9161,167627,60865,4333,7824,219007.94732
258867.675457325,6075841.55572221,Talca,Ciudad,37312.11765370000,30868855.97010000050,Talca,201797,Talca,210339,28137,27781,356,24523,1907,83857.35,665930.1,2410.9494778,90707.7515,4891.89426302,5946,1530,12556,42678772.61,62310,6668746.7757,11058.4756,19110.1759,30168.6515,71601,1552266,279346,3494398,1219,3041,552746.19864,4650.99909427,1294.9918881,2922.0407397,296.5608712,779.7839674,1755.6339,391414,134888,8463,11870,632439.8579
288245.556200332,6132758.09783147,Rauco,Pueblo,4988.45586075000,768154.81905100006,Rauco,3114,Curicó,104124,2126,1859,267,1590,46,,,,,,96,15,508,548455.5,2028,93183.2988,,,,4491,145870,25909,92773,54,93,,,,,,,,,,,,11746.8502
278010.534080672,6081521.25799131,Pelarco,Pueblo,4661.56713602000,586851.99766400002,,,,,,,,,,,,,,,,,,,,,,,,,,,,,,,,,,,,,,,,,
245662.340659378,5996546.40418765,Parral,Ciudad,15763.41524090000,4698297.56857000012,Parral,37822,Parral,26397,5218,5039,179,4386,229,,3316989.4,858.6558461,17598.5766,703.602666,597,118,3331,4813441.09,6567,482905.1811,1369.1564,1323.77,2692.9264,11366,336068,19009,477209,302,563,107338.836,344.00016728,252.9951402,125.1416514,27.591149,211.859933,298.7938,71762,20072,1323,2719,97837.89652
227516.537636642,6124696.62963743,Licanten,Pueblo,4757.78963965000,972720.09418300004,,,,,,,,,,,,,,,,,,,,,,,,,,,,,,,,,,,,,,,,,
296035.642981293,6126598.46398455,Curico,Ciudad,24273.75313820000,15240088.34710000083,,,,,,,,,,,,,,,,,,,,,,,,,,,,,,,,,,,,,,,,,
200394.361993521,6014309.49338075,Cauquenes,Ciudad,17713.65353720000,5576394.11577000003,Cauquenes,41217,Cauquenes,30771,6068,5974,94,4750,620,,65947.2,1746.281856,22001.6346,694.4198943,679,119,2899,3193830.85,6712,482564.1755,927.3825,1541.5158,2468.8983,12805,354192,104380,593486,331,538,122270.2305,352.00018689,326.9991912,153.2241975,25.5380532,281.9036715,280.2756,72151,27644,1857,1905,87666.18793
324457.767820481,6315498.35523728,Lampa,Ciudad,5816.15767511000,829864.65694300004,Lampa,40228,Gran Santiago,5638820,,,,,,45337.91,40228,678.2762624,35473.0504,1015.87285664,,,2379,58581336.61,27022,4558111.1287,1407.98,1910.83,3318.81,24784,,,,,,121514.30592,414.00002552,287.9962748,270.2597496,59.5615768,183.13797,1456.2536,93496,35686,1892,,176242.13645
343969.338144544,6325193.50331006,Colina,Ciudad,11433.10868130000,3600986.04616999999,Colina,77815,Gran Santiago,5638820,24709,24403,306,22265,831,86806.6,85596.5,1132.9474925,55972.3295,1531.010125,1221,642,3047,39599121.91,26755,3027203.7835,3081.474,4318.7325,7400.2065,36265,849085,132398,2087500,376,2054,272177.41625,598.9996381,621.9986395,366.7810025,139.460043,379.4492845,2412.265,57287,26585,1642,0,163473.98693
374531.826672599,6277059.693667,San Jose de Maipo,Pueblo,5891.21842918000,823978.44976300001,,,,,,,,,,,,,,,,,,,,,,,,,,,,,,,,,,,,,,,,,
294804.155144072,6270442.05133213,Melipilla,Ciudad,18590.65525710000,6192169.68721999973,Melipilla,94540,Melipilla,53522,12085,11499,586,9458,1103,,141810,1414.3184,37579.65,1622.930364,1569,536,6152,34977309.81,26841,2578153.8365,4415.018,4415.018,8830.036,39508,757005,120141,1143752,649,1786,292162.6344,1015.9986904,553.002276,564.469978,102.538084,397.710872,1058.848,148905,51172,3744,3157,197660.60488
270793.84389941,6089903.16042681,San Rafael,Pueblo,8598.82503299000,1459166.71444000001,,,,,,,,,,,,,,,,,,,,,,,,,,,,,,,,,,,,,,,,,
274074.385243678,6064966.40489879,San Clemente,Ciudad,13943.34679980000,2523693.18469000002,San Clemente,37261,Talca,210339,3490,3374,116,2893,78,,70795.9,1465.0130936,17285.3779,911.0165456,376,122,2241,2632216.78,5367,372178.8945,678.1502,599.9021,1278.0523,18443,389681,101051,666954,199,582,96933.37367,210.99972775,164.9954341,99.3899914,7.7950012,151.0374635,272.0053,51309,20061,763,,43015.44076
306119.683204176,6129577.09009761,Romeral,Ciudad,6938.59783423000,678740.35012900003,Romeral,3675,Curicó,104124,6077,5590,487,4986,180,,,,,,162,36,1130,7350251.51,18566,863793.1609,,,,6741,143215,17696,25480,57,175,,,,,,,,,,,,14184.77262
298280.820082083,6111762.58125624,Pichingal,Pueblo,4139.07662084000,385253.49023200001,,,,,,,,,,,,,,,,,,,,,,,,,,,,,,,,,,,,,,,,,
256262.932566448,6066045.96527098,Maule,Pueblo,4042.44034191000,582709.89705200004,Maule,16837,Talca,210339,834,812,22,726,31,,45459.9,834.23361468,9090.2963,343.070712,241,11,1282,2717423.21,3262,243744.8147,255.9224,399.0369,654.9593,9651,318426,42950,439665,155,625,55998.1783,150.99977221,89.9988161,86.2929924,7.5042509,76.9130997,215.5136,,,,,24476.50647
224611.371757736,6112246.1825922,Curepto,Pueblo,8037.02288651000,1101675.86297999998,,,,,,,,,,,,,,,,,,,,,,,,,,,,,,,,,,,,,,,,,
332062.607014905,6332019.2319829,Huertos Familiares,Pueblo,7618.82591599000,2574407.54565999983,,,,,,,,,,,,,,,,,,,,,,,,,,,,,,,,,,,,,,,,,
302948.936373881,6289448.51177195,Maria Pinto,Pueblo,2814.68422321000,288999.09648000001,,,,,,,,,,,,,,,,,,,,,,,,,,,,,,,,,,,,,,,,,
325829.316350676,6279926.17135159,Peaflor,Ciudad,15964.69992840000,7294485.06469999999,,,,,,,,,,,,,,,,,,,,,,,,,,,,,,,,,,,,,,,,,
345805.418767278,6327062.71205791,Esmeralda,Pueblo,2468.90136111000,275114.40253600001,,,,,,,,,,,,,,,,,,,,,,,,,,,,,,,,,,,,,,,,,
315584.816521428,6271640.59318843,El Monte,Ciudad,7863.81050089000,2322335.65285999980,El Monte,26459,El Monte,22284,3979,3681,298,2765,343,,42334.4,407.0611314,20368.1382,959.5012383,519,129,1111,5633676.37,4310,442041.009,963.1076,1034.5469,1997.6545,12621,170150,23423,69431,185,539,95766.76296,379.99965997,138.9997106,253.344925,22.7706154,102.475707,470.9702,27788,10929,657,,23336.81834
300518.550306232,6274412.70360692,Pomaire,Pueblo,4460.20491510000,693349.91798400006,,,,,,,,,,,,,,,,,,,,,,,,,,,,,,,,,,,,,,,,,
327809.980529783,6265467.68416373,La Islita,Pueblo,3993.04151277000,472076.45821900002,,,,,,,,,,,,,,,,,,,,,,,,,,,,,,,,,,,,,,,,,
331360.675112661,6321578.9352554,Batuco,Pueblo,6509.84824702000,1709109.42892999994,,,,,,,,,,,,,,,,,,,,,,,,,,,,,,,,,,,,,,,,,
338106.863072418,6273276.08176665,Lo Herrera,Pueblo,3575.72695730000,467489.80601700000,,,,,,,,,,,,,,,,,,,,,,,,,,,,,,,,,,,,,,,,,
336918.040357989,6252787.01001707,Champa,Pueblo,2013.99857981000,172013.57482700000,,,,,,,,,,,,,,,,,,,,,,,,,,,,,,,,,,,,,,,,,
347999.136037046,6255245.54910544,Huelquen,Pueblo,5956.74926582000,729561.70082200004,,,,,,,,,,,,,,,,,,,,,,,,,,,,,,,,,,,,,,,,,
346095.428855258,6261376.04696,El Transito,Pueblo,2412.94750245000,235044.11468500001,,,,,,,,,,,,,,,,,,,,,,,,,,,,,,,,,,,,,,,,,
333840.850033215,6260913.71390495,Viluco,Pueblo,2737.88118344000,205450.61147700000,,,,,,,,,,,,,,,,,,,,,,,,,,,,,,,,,,,,,,,,,
378074.261223727,6266908.66688593,San Alfonso,Pueblo,3861.53836467000,475610.86396200000,,,,,,,,,,,,,,,,,,,,,,,,,,,,,,,,,,,,,,,,,
319987.967478395,6337777.48545109,Tiltil,Pueblo,4271.30746153000,469578.96478600003,Tiltil,14755,Tiltil,5168,1838,1696,142,1494,60,,5902,250.3359859,11508.9,239.8835439,164,33,613,3466437.85,2361,294326.7613,571.0185,445.601,1016.6195,6672,277497,20037,,77,220,51362.00745,92.9998797,70.998109,60.4910735,3.8407265,58.568497,275.9185,24849,7684,235,111,32450.80376
335293.919273779,6314660.19282903,Estacion Colina,Pueblo,2834.57305492000,331168.71505800000,,,,,,,,,,,,,,,,,,,,,,,,,,,,,,,,,,,,,,,,,
353764.257588932,6277047.51237481,Pirque,Pueblo,2408.68324048000,168518.99983700001,Pirque,16565,Gran Santiago,5638820,20102,19653,449,17676,1055,,16565,222.9367395,40238.0415,473.49396,152,52,891,9152197.67,3508,345715.857,987.274,1719.447,2706.721,6028,308664,26077,283460,106,281,53718.3072,116.0000568,36.0007145,90.5923285,4.575253,27.451518,223.6275,,,,,49364.11446
335942.550665412,6277491.92764273,Bajos de San Agustin,Pueblo,5940.20886460000,866218.23047600000,,,,,,,,,,,,,,,,,,,,,,,,,,,,,,,,,,,,,,,,,
281358.66103714,6039942.96074685,Panimavida,Pueblo,4164.70214193000,667340.89864599996,,,,,,,,,,,,,,,,,,,,,,,,,,,,,,,,,,,,,,,,,
282426.986639337,6046830.40839844,Colbun,Pueblo,7523.45887959000,953309.82867800002,,,,,,,,,,,,,,,,,,,,,,,,,,,,,,,,,,,,,,,,,
252530.280436045,6057504.63043856,San Javier,Ciudad,10858.60852010000,3100980.65181000018,San Javier,37793,San Javier,20524,5002,4874,128,4019,310,,22675.8,842.935072,18386.2945,1093.1814215,819,174,2430,4567518.74,7577,559099.7905,1156.4658,1390.7824,2547.2482,18828,398561,18327,734811,265,614,111132.58408,605.99979503,213.001348,247.8275975,14.5767601,189.5092192,230.5373,55114,25274,464,,75991.20544
266872.318569999,6377446.56817823,Las Ventanas (Horcon),Pueblo,6298.07427486000,796821.32207700005,,,,,,,,,,,,,,,,,,,,,,,,,,,,,,,,,,,,,,,,,
314298.141011647,6196736.77469916,Guacarhue,Aldea,2578.61671932000,174731.53077600000,,,,,,,,,,,,,,,,,,,,,,,,,,,,,,,,,,,,,,,,,
329250.750739055,6205957.07326064,El Abra,Aldea,3534.36785011000,506742.36368000001,,,,,,,,,,,,,,,,,,,,,,,,,,,,,,,,,,,,,,,,,
290401.64885268,6163173.27852417,Cunaco,Pueblo,3189.88740810000,269334.45618300000,,,,,,,,,,,,,,,,,,,,,,,,,,,,,,,,,,,,,,,,,
236847.384569517,6242627.13835305,La Boca,Pueblo,2113.76534903000,160365.31262800001,,,,,,,,,,,,,,,,,,,,,,,,,,,,,,,,,,,,,,,,,
255554.813859442,6211577.7042551,La Estrella,Aldea,2338.22301571000,229783.16022300001,,,,,,,,,,,,,,,,,,,,,,,,,,,,,,,,,,,,,,,,,
321269.305112602,6187090.20350056,Malloa,Pueblo,4661.13978260000,455692.71980000002,,,,,,,,,,,,,,,,,,,,,,,,,,,,,,,,,,,,,,,,,
234643.842281402,6238429.96329472,Matanzas,Caserio,3227.81953978000,111666.95377300000,,,,,,,,,,,,,,,,,,,,,,,,,,,,,,,,,,,,,,,,,
238292.446512744,6239408.13276167,Navidad,Aldea,1481.43497840000,77245.45291130000,,,,,,,,,,,,,,,,,,,,,,,,,,,,,,,,,,,,,,,,,
325960.028349829,6184846.20243491,Pelequen,Pueblo,7185.58108127000,802128.97224300005,,,,,,,,,,,,,,,,,,,,,,,,,,,,,,,,,,,,,,,,,
319007.886330605,6196565.7888549,Quinta de Tilcoco,Ciudad,9070.97097143000,857299.26018500002,Quinta de Tilcoco,11380,Quinta de Tilcoco,5850,1642,1589,53,1202,150,,,,6295.416,268.80698,96,33,769,1353139.3,2114,128380.1498,282.224,220.772,502.996,2576,168138,13305,60350,69,141,38646.48,51.9999996,43.998494,25.262462,4.856984,36.921272,209.392,,,,,11380.38603
332862.362551048,6202986.34132547,Santa Amalia,Aldea,1332.43944016000,85148.10449090000,,,,,,,,,,,,,,,,,,,,,,,,,,,,,,,,,,,,,,,,,
259228.617100894,6190629.97593004,Marchihue,Pueblo,5662.77236149000,970654.02577800001,,,,,,,,,,,,,,,,,,,,,,,,,,,,,,,,,,,,,,,,,
220106.268346653,6186206.4131796,Bellavista,Aldea,2033.76608951000,203433.21473899999,,,,,,,,,,,,,,,,,,,,,,,,,,,,,,,,,,,,,,,,,
300416.24931292,6192305.33612352,Peumo,Ciudad,9282.92055857000,1155456.80553000001,Peumo,13948,Peumo,7392,1588,1520,68,1087,170,,,,8483.1736,96.85295928,166,52,783,1721515.25,4700,259431.9352,481.206,359.8584,841.0644,3710,71989,21392,199570,100,190,54210.71524,113.00000096,52.9996104,31.7833076,2.8886308,46.2292512,184.1136,31618,6991,363,898,15960.78063
287733.811765209,6203260.99586049,Las Cabras,Pueblo,7733.51078580000,1449707.93469000002,Las Cabras,20242,Las Cabras,6426,3069,2990,79,2775,100,,78943.8,,13137.058,258.9113736,180,66,1391,6906898.91,3719,214118.4742,510.0984,421.0336,931.132,5683,169958,20261,127193,130,303,51213.87936,89.0000256,90.9999352,52.4895302,5.7244376,78.2596204,206.4684,18949,5507,516,,22541.74417
266340.270815932,6376568.1520457,Las Ventanas (La Chocota),Pueblo,2350.23893494000,198231.02948800000,,,,,,,,,,,,,,,,,,,,,,,,,,,,,,,,,,,,,,,,,
285434.059814862,6407595.61087762,Placilla,Pueblo,4118.83691651000,273634.16207800002,,,,,,,,,,,,,,,,,,,,,,,,,,,,,,,,,,,,,,,,,
265461.008921991,6369112.69581569,Quintero,Ciudad,6172.60802481000,1829749.54682999989,Quintero,21174,Quintero,18719,1843,1780,63,1409,265,,23291.4,316.92840894,15501.4854,560.71949274,706,183,1371,2757212.76,4291,392641.0763,1463.1234,1325.4924,2788.6158,8461,301777,49119,146903,153,388,59491.74084,548.99989548,157.0009752,385.3964436,24.6804144,117.7041486,298.5534,,,,,131510.36976
271439.971176319,6383285.01176736,Maitencillo,Pueblo,8046.35687064000,1460300.85370000009,,,,,,,,,,,,,,,,,,,,,,,,,,,,,,,,,,,,,,,,,
270385.750051902,6400744.45131686,Papudo,Pueblo,6522.05030040000,886772.51180700003,,,,,,,,,,,,,,,,,,,,,,,,,,,,,,,,,,,,,,,,,
349960.628749101,6364096.08347529,Seor Pobre Bejares,Ciudad,2063.85866124000,183976.83707300000,,,,,,,,,,,,,,,,,,,,,,,,,,,,,,,,,,,,,,,,,
350028.913365491,6365780.45924622,Los Andes,Ciudad,23484.12175900000,6457024.85479000024,Los Andes,60198,Los Andes,63150,8654,8409,245,7162,843,19350.61,132435.6,586.178025,34674.048,1920.3192099,1656,726,3772,13884166.16,21465,1669284.967,4219.8798,4532.9094,8752.7892,24540,426912,169827,152979,413,998,191835.9765,1341.99943182,313.9987878,909.8987898,16.9577766,270.3311586,535.7622,96385,16447,3222,5532,158914.89509
264227.014163224,6353466.14902226,Concon,Ciudad,21653.72968660000,8160550.74713999964,,,,,,,,,,,,,,,,,,,,,,,,,,,,,,,,,,,,,,,,,
223438.704452671,6180309.02912437,Cahuil,Aldea,2874.07269041000,265665.67193200003,,,,,,,,,,,,,,,,,,,,,,,,,,,,,,,,,,,,,,,,,
313239.80327732,6157603.31050488,Chimbarongo,Ciudad,10704.96716200000,1895744.40287000011,Chimbarongo,32316,Chimbarongo,13795,3059,2933,126,2406,169,,,1139.54068788,12716.346,736.7207784,347,137,2315,3387342.29,10336,453999.1088,698.0256,717.4152,1415.4408,8389,212520,19601,274857,189,432,97557.80292,203.9995974,142.9983,122.865432,10.6384272,125.7674088,248.8332,32941,6994,349,224,29413.67732
322881.219199483,6208317.32718699,Copequen,Aldea,6005.93375813000,535482.60855999996,,,,,,,,,,,,,,,,,,,,,,,,,,,,,,,,,,,,,,,,,
340482.781306921,6228803.8506242,Graneros,Ciudad,12235.46539130000,3406481.93685000017,Graneros,25961,Graneros,21615,3075,2933,142,2331,328,,51922,442.6480305,13312.8008,520.35735141,460,179,1192,4764596.99,10387,486666.064,1165.6489,1061.8049,2227.4538,7454,,,,146,462,76192.9389,318.99994126,140.9993832,165.2054196,16.1399537,112.0346955,643.8328,47387,11580,1704,417,53648.91206
348236.987483775,6217005.82307687,Machali,Ciudad,13497.74341910000,3398234.13290000008,,,,,,,,,,,,,,,,,,,,,,,,,,,,,,,,,,,,,,,,,
249074.303981995,6190639.35607842,Alcones,Aldea,3911.55943508000,249417.95700699999,,,,,,,,,,,,,,,,,,,,,,,,,,,,,,,,,,,,,,,,,
265864.571115588,6184622.65553575,Poblacion,Pueblo,6156.15308947000,528461.00588900002,,,,,,,,,,,,,,,,,,,,,,,,,,,,,,,,,,,,,,,,,
282172.617533034,6177294.42425218,San Jose del Carmen,Aldea,2825.42284244000,230935.82306600001,,,,,,,,,,,,,,,,,,,,,,,,,,,,,,,,,,,,,,,,,
272311.685161523,6182025.24639055,Peralillo,Pueblo,5373.38477909000,1016449.35849999997,,,,,,,,,,,,,,,,,,,,,,,,,,,,,,,,,,,,,,,,,
256929.083361375,6167910.45904595,Pumanque,Aldea,5574.04515247000,501600.51231000002,,,,,,,,,,,,,,,,,,,,,,,,,,,,,,,,,,,,,,,,,
246998.773502976,6240616.17483902,Rapel,Aldea,3059.42466829000,441303.77418399998,,,,,,,,,,,,,,,,,,,,,,,,,,,,,,,,,,,,,,,,,
309243.442588,6187234.60536434,San Vicente de Tagua Tagua,Ciudad,12818.00293010000,2109110.52526000002,,,,,,,,,,,,,,,,,,,,,,,,,,,,,,,,,,,,,,,,,
283329.687808104,6169506.60824265,Palmilla,Ciudad,5840.86285791000,614194.15213800000,Palmilla,12373,Santa Cruz,20691,1258,1209,49,1004,96,,,,,,40,27,865,988655.9,3662,144418.9434,,,,2872,87463,10453,50001,61,146,,,,,,,,,,,,6022.18789
332422.88444643,6213002.52663246,Olivar Alto,Pueblo,15945.56170630000,1241681.99509999994,,,,,,,,,,,,,,,,,,,,,,,,,,,,,,,,,,,,,,,,,
283396.088427051,6164753.27971791,Santa Cruz,Ciudad,17546.45862780000,2647975.34518999979,Santa Cruz,32387,Santa Cruz,20691,5329,5160,169,4309,449,,97161,817.512654,17395.0577,934.300176,417,274,2685,6030777.54,9921,666519.9145,1233.9447,1376.4475,2610.3922,8798,298180,23541,470047,224,460,117224.7465,250.99957387,165.9963298,79.7076457,6.7235412,151.733095,459.8954,58909,13421,2872,2277,53131.39893
298356.973955071,6163488.78239448,Nancagua,Ciudad,8458.20468770000,1779952.20027999999,Nancagua,15634,Nancagua,6846,3969,3870,99,3386,164,,,560.2240658,10429.4414,282.8315672,225,77,1003,1869888.36,7045,287901.2841,397.1036,403.3572,800.4608,4174,278734,18531,174732,100,234,49627.94424,133.9997957,90.997697,50.0162928,3.845964,81.758003,100.0576,29439,5558,290,,25578.57528
318988.963688874,6211024.10960758,Doihue,Ciudad,9509.20467601000,1586314.49744999991,,,,,,,,,,,,,,,,,,,,,,,,,,,,,,,,,,,,,,,,,
325959.431009468,6213794.37537542,Lo Miranda,Ciudad,11101.45134350000,1242838.22424999997,,,,,,,,,,,,,,,,,,,,,,,,,,,,,,,,,,,,,,,,,
290167.236408462,6195866.11806981,Pichidegua,Pueblo,13138.60200130000,1702118.22695000004,,,,,,,,,,,,,,,,,,,,,,,,,,,,,,,,,,,,,,,,,
291696.747213345,6154605.76055479,Chepica,Pueblo,9452.30523135000,1563998.81456000009,,,,,,,,,,,,,,,,,,,,,,,,,,,,,,,,,,,,,,,,,
248509.519123419,6221723.91531061,Litueche,Pueblo,4760.56402811000,508214.49771500000,,,,,,,,,,,,,,,,,,,,,,,,,,,,,,,,,,,,,,,,,
221316.477676062,6162431.07174097,Bucalemu,Pueblo,3398.54298856000,149894.60847300000,,,,,,,,,,,,,,,,,,,,,,,,,,,,,,,,,,,,,,,,,
248730.526161639,6161135.21853952,Nilahue Cornejo,Aldea,2900.54034097000,261246.66021999999,,,,,,,,,,,,,,,,,,,,,,,,,,,,,,,,,,,,,,,,,
321150.761753796,6273482.78191062,Talagante,Ciudad,18583.86225000000,5116672.97152000014,Talagante,59805,Talagante,49957,6680,6538,142,5528,748,,149512.5,759.68437545,23114.6325,1662.531156,1196,374,2889,8628992.72,16601,1328829.5483,3588.3,4210.272,7798.572,30828,524114,95645,817957,318,979,211343.6934,712.0000548,483.9958845,412.905681,124.6156785,282.7161765,962.8605,112703,33940,3877,2963,148666.52535
332748.705234684,6284340.9250636,Padre Hurtado,Ciudad,21061.04272050000,6890486.89551999979,Padre Hurtado,38768,Gran Santiago,5638820,,,,,,,15507.2,640.2302592,29017.848,1798.7421568,708,125,1545,9173508.6,5607,887165.7726,1791.0816,1612.7488,3403.8304,19883,302538,79450,616107,206,705,135599.99664,480.99961584,226.9943936,340.2240912,57.7875808,143.5423968,1248.3296,61769,21804,1940,,106572.01165
328089.240864882,6257791.20360279,Valdivia de Paine,Pueblo,3692.25748075000,276637.70082400000,,,,,,,,,,,,,,,,,,,,,,,,,,,,,,,,,,,,,,,,,
338795.009934985,6266225.58401328,Buin,Ciudad,10145.14065280000,3209955.76486000000,Buin,63419,Gran Santiago,5638820,8334,8145,189,6792,685,,139521.8,893.4151625,33193.5046,1633.67344,964,466,3461,25866201.29,33630,2495196.766,3405.6003,3545.1221,6950.7224,22920,469767,94002,1300313,396,1268,175569.1596,644.00028511,319.9932483,360.029663,54.2803221,226.6785317,1236.6705,132397,36249,3413,1883,168901.47934
338424.725235211,6251251.11004785,Hospital,Pueblo,3787.82841311000,402446.61546399997,,,,,,,,,,,,,,,,,,,,,,,,,,,,,,,,,,,,,,,,,
344162.564020285,6265866.35122772,Alto Jahuel,Pueblo,4623.37070041000,571257.29929899995,,,,,,,,,,,,,,,,,,,,,,,,,,,,,,,,,,,,,,,,,
294833.806955702,6283385.82371548,Bollenar,Pueblo,3052.20381466000,486864.27198199998,,,,,,,,,,,,,,,,,,,,,,,,,,,,,,,,,,,,,,,,,
324183.52000206,6264320.66453919,Isla de Maipo,Pueblo,3617.57194753000,557635.30144700001,Isla de Maipo,25798,Isla de Maipo,12295,3226,3111,115,2581,243,,85133.4,495.1487534,15231.1392,525.4639832,535,89,1202,4331529.1,7096,498222.5462,967.425,1171.2292,2138.6542,12725,263310,15925,328648,155,494,69731.994,342.99963082,191.9990352,206.5413678,29.2342936,147.1234142,461.7842,29306,10294,264,,37670.78446
339427.961153054,6257551.44556073,Paine,Ciudad,13587.77674720000,2593192.74843000015,Paine,50028,Paine,19620,6016,5749,267,4718,434,,30016.8,755.47182744,27935.6352,699.1513056,617,219,2965,11554921.9,15656,1211588.2094,2296.2852,2101.176,4397.4612,16519,319018,47383,634053,255,978,156950.343,416.99988924,199.9969356,244.6019004,26.0345712,146.9472444,880.4928,36040,10907,407,,72648.62749
365034.810856863,6283728.30844036,Las Vertientes,Pueblo,2411.89730653000,285276.04330700001,,,,,,,,,,,,,,,,,,,,,,,,,,,,,,,,,,,,,,,,,
302239.536693013,6302585.3547185,Curacavi,Ciudad,5833.97938646000,1571551.35543000000,,,,,,,,,,,,,,,,,,,,,,,,,,,,,,,,,,,,,,,,,
363864.537058734,6282533.56970175,El Canelo,Pueblo,3593.47514777000,641488.53122000000,,,,,,,,,,,,,,,,,,,,,,,,,,,,,,,,,,,,,,,,,
330285.825132241,6290362.69722168,El Maiten,Pueblo,3669.99248903000,375514.63683899998,,,,,,,,,,,,,,,,,,,,,,,,,,,,,,,,,,,,,,,,,
347464.677419833,6294934.26452115,Santiago,Ciudad,427491.44426199998,582104090.09800004959,Santiago,200792,Gran Santiago,5638820,64732,64170,562,60946,2143,399373.1,2027999.2,1007.373464,560028.9672,6245.7154768,16204,7391,49492,2998493746.09,904499,205094775.8498,21223.7144,44375.032,65598.7464,70690,2972133,685062,2975509,1512,4772,861865.52536,10187.99934344,6015.9893496,5104.8153328,2621.7813024,1987.640008,5441.4632,264381,55611,12258,24094,10603.43612
258703.198237765,4263179.74477325,Puerto Natales,Ciudad,9583.08882583000,4531643.42674999963,,,,,,,,,,,,,,,,,,,,,,,,,,,,,,,,,,,,,,,,,
408852.372735164,4094073.61038996,Porvenir,Pueblo,9550.46059962000,2618156.62379000010,,,,,,,,,,,,,,,,,,,,,,,,,,,,,,,,,,,,,,,,,
208611.43457253,5040591.21109064,Puerto Cisnes,Pueblo,6276.74486449000,801349.40995300002,,,,,,,,,,,,,,,,,,,,,,,,,,,,,,,,,,,,,,,,,
201535.02329812,4958534.75739687,Puerto Chacabuco,Pueblo,4350.75993317000,605596.62724099995,,,,,,,,,,,,,,,,,,,,,,,,,,,,,,,,,,,,,,,,,
273693.122236225,4869197.95485692,Puerto Ibaez,Aldea,3796.50050569000,574163.02790600003,,,,,,,,,,,,,,,,,,,,,,,,,,,,,,,,,,,,,,,,,
330656.391073333,6296641.85298732,Lomas de Lo Aguirre,Ciudad,2790.69677921000,354249.20447300002,,,,,,,,,,,,,,,,,,,,,,,,,,,,,,,,,,,,,,,,,
372469.418350051,4109757.70441949,Punta Arenas,Ciudad,37304.94242770000,23825195.24199999869,Punta Arenas,119496,Punta Arenas,116005,28887,28333,554,24771,2374,33488.13,477984,555.8834424,64515.8904,2572.22429256,1825,928,7810,37377777.25,44471,3403258.4573,6882.9696,12248.34,19131.3096,50735,922833,26213,2130421,796,1732,520878.28416,1174.0004016,650.9903088,690.3403416,52.7933328,565.1802312,6918.8184,165333,58893,3169,,355917.69964
211091.586015003,4965903.27463694,Puerto Aysen,Ciudad,12740.24948710000,2492095.32261000015,,,,,,,,,,,,,,,,,,,,,,,,,,,,,,,,,,,,,,,,,
508845.651107655,7513655.59235907,Calama,Ciudad,7266.15944592000,1085889.28432999994,Calama,138402,Calama,136600,33236,31931,1305,24627,4272,124119.07,152242.2,160.477119,64398.4506,4381.0253487,3066,1187,6344,46853067.17,32200,4538646.5916,11404.3248,10933.758,22338.0828,44341,1099776,206834,3206887,598,2893,499827.75084,1990.99996326,1074.9960144,1330.8321114,146.2632336,832.349628,13148.19,100945,26479,3026,3979,392271.07453
211559.707502824,4964731.88245769,Puerto Aysen,Ciudad,5410.58389811000,1123116.02789000003,,,,,,,,,,,,,,,,,,,,,,,,,,,,,,,,,,,,,,,,,
261405.650243445,4948377.77441751,Cohaique,Ciudad,17677.87999530000,6317037.64714999963,,,,,,,,,,,,,,,,,,,,,,,,,,,,,,,,,,,,,,,,,
291073.4356476,4842182.69263161,Chile Chico,Pueblo,5641.87530394000,1283623.40552000003,,,,,,,,,,,,,,,,,,,,,,,,,,,,,,,,,,,,,,,,,
132896.51988737,5925003.57981974,Talcahuano,Ciudad,83548.16591300000,31005191.85110000148,Talcahuano,163626,Gran Concepción,848023,22991,22249,742,19419,1606,90361.55,572691,1328.3240493,73140.822,5330.6978223,3865,2753,7795,88464770.8,54949,9252783.8769,12353.763,14529.9888,26883.7518,51566,1013318,224715,3354143,952,2084,632015.24256,1311.76182558,1214.3667216,887.0001834,414.8900856,697.7667144,3272.52,282743,91222,5988,1714,395515.83169
260653.650414375,6333048.73967,Placilla de Peuelas,Ciudad,10517.48606580000,2821870.15591000021,,,,,,,,,,,,,,,,,,,,,,,,,,,,,,,,,,,,,,,,,
