X,Y,NOMBRE,TIPO_AREA,SHAPE_Leng,SHAPE_Area,conb_Conurbacion,conb_Pob_Conurb_2002,conb_vehicle,conb_motor vehicle,conb_Non-motorized vehicle,conb_private transport,conb_public transport,conb_CO2(movil transport sources),conb_Green spaces,conb_Iliteracy,conb_Municipal spending(M$/hab),conb_Unemployment,conb_Crime reports,conb_Arrested person,conb_Companies,conb_Sales,conb_workers,conb_Income(workers),conb_Professional technicians,conb_University Professional,conb_Professionals,conb_Solid Waste,conb_Municipal spending for Power Consumption,conb_Municipal spending for Water Consumption,conb_Municipal Spending cleaning services garbage collection landfill,conb_Deaths,conb_Birthrate,conb_Year of scholarship,conb_Offence Against Property,conb_Offence Against the Person,conb_Burglary,conb_Robbery,conb_Injuries,conb_Indigenous,conb_Emergency attendence,conb_Respiratory Diseases,conb_Cardiovascular Diseases,conb_Hospitalizations,conb_Street length
-73.0239781965863,-36.9275007925251,Chiguayante,Ciudad,29855.99834,10380755.34750,,,,,,,,,,,,,,,,,,,,,,,,,,,,,,,,,,,,,,,
-73.1541910488632,-37.0870036167646,Lota,Ciudad,14233.34974,5262641.69737,,,,,,,,,,,,,,,,,,,,,,,,,,,,,,,,,,,,,,,
-73.1573436649238,-37.0104261690127,Coronel,Ciudad,41577.79183,15516848.53470,,,,,,,,,,,,,,,,,,,,,,,,,,,,,,,,,,,,,,,
-72.7249268221373,-37.2603734164839,San Rosendo,Ciudad,6499.36942,1534402.23041,,,,,,,,,,,,,,,,,,,,,,,,,,,,,,,,,,,,,,,
-73.0475159274557,-36.8117202659816,Concepcin,Ciudad,82986.89438,34542266.07950,,,,,,,,,,,,,,,,,,,,,,,,,,,,,,,,,,,,,,,
-70.2977376180835,-18.472132231422,Arica,Ciudad,39931.46524,21509819.75080,Arica,175441,29649,28909,740,23811,3379,62454.17000,296428.80000,1642.31004,96876.63720,6046.99931,3347,1478,12660,28031298.74000,40970,3221089.88400,10856.70480,19082.60400,29939.30880,112257,1831201,398469,1074983,1107,3634,782988.88500,2166.99828,1179.99042,1492.68575,227.58321,842.39507,24121.89360,132798,31272,3768,8024,478863.34210
-70.1260333820657,-20.2475540700641,Iquique,Ciudad,64442.90073,24645355.42520,,,,,,,,,,,,,,,,,,,,,,,,,,,,,,,,,,,,,,,
-70.2019307231437,-22.0936240620281,Tocopilla,Ciudad,18321.06400,4465189.44792,Tocopilla,23352,2588,2495,93,1929,392,,14391.60000,124.34342,21656.95940,877.86457,379,106,1266,13097142.72000,3786,723612.22570,1295.24400,1237.67760,2532.92160,9300,,,,162,436,87155.52960,202.00002,176.99749,128.36588,18.05186,150.43060,208.67820,49454,13342,1242,1522,56486.90334
-70.4317088901484,-23.0988489560396,Mejillones,Ciudad,17400.05844,7553971.82360,Mejillones,7825,1788,1732,56,1513,116,,14310.60000,39.20818,13216.26000,237.22597,198,71,395,1254288.91000,1054,102201.60920,462.99000,385.54440,848.53440,3619,160790,73416,424363,39,159,26028.45600,120.00002,78.00035,83.77930,5.58450,62.36812,192.77220,28285,7720,491,60,26758.43546
-70.4811232848703,-25.4059141022466,Taltal,Ciudad,7610.91798,2074162.79765,Taltal,9564,959,921,38,774,107,,,161.61900,15140.40000,294.57036,240,77,631,1185221.39000,901,113779.25610,307.47000,395.16000,702.63000,3679,293252,81648,242910,61,175,50119.83000,135.99986,104.00034,68.11515,9.87123,88.84662,101.01000,27518,6372,387,109,22007.09197
-70.2019307231437,-22.0936240620281,Tocopilla,Ciudad,18321.06400,4465189.44792,Tocopilla,23352,2588,2495,93,1929,392,,14391.60000,124.34342,21656.95940,877.86457,379,106,1266,13097142.72000,3786,723612.22570,1295.24400,1237.67760,2532.92160,9300,,,,162,436,87155.52960,202.00002,176.99749,128.36588,18.05186,150.43060,208.67820,49454,13342,1242,1522,56486.90334
-70.7552981285837,-28.5792523996364,Vallenar,Ciudad,13964.74013,5723772.15402,Vallenar,43750,6204,6092,112,4748,912,,38432.00000,785.60100,25595.71200,1016.85307,779,285,2746,16259430.54000,9998,1064238.63100,1460.41600,2622.98400,4083.40000,27093,362800,62279,166883,300,881,154404.40320,509.99985,268.99998,303.04593,27.63741,224.07297,1268.25600,76433,22954,1894,3564,238744.93670
-71.0817820755098,-28.5083585113643,Freirina,Pueblo,2974.05638,224266.67529,,,,,,,,,,,,,,,,,,,,,,,,,,,,,,,,,,,,,,,
-70.7128459613075,-30.0349141840522,Vicua,Ciudad,6193.36677,1711534.88883,,,,,,,,,,,,,,,,,,,,,,,,,,,,,,,,,,,,,,,
-70.9645598211794,-31.7796132108507,Salamanca,Ciudad,8567.07989,2017756.77993,Salamanca,11615,2314,2253,61,1833,165,,36741.00000,660.59510,15641.86840,725.92868,226,110,1595,2124192.26000,3232,169240.02850,702.97780,698.07900,1401.05680,16343,227082,29640,,154,392,85810.07514,117.00000,108.99830,62.35927,5.84672,97.43713,340.46660,16823,5191,380,687,36938.55225
-72.0224150546981,-36.8979528776506,El Carmen,Pueblo,9226.91471,1617639.60474,,,,,,,,,,,,,,,,,,,,,,,,,,,,,,,,,,,,,,,
-73.64314567765,-37.599293413426,Lebu,Ciudad,5380.41274,958943.07405,Lebu,20838,1511,1506,5,1246,138,,25035.00000,464.74974,17476.93350,805.56622,400,168,880,1761561.12000,3248,595390.19240,498.19650,948.82650,1447.02300,7744,283957,67840,158747,166,374,75606.95175,230.00005,169.99766,109.40045,8.78979,153.35189,2949.12300,42889,11871,401,1565,51784.37019
-72.5284153904418,-37.5858422416647,Negrete,Ciudad,4079.87561,711270.48142,,,,,,,,,,,,,,,,,,,,,,,,,,,,,,,,,,,,,,,
-73.1467475433608,-37.1095958799774,Lota,Ciudad,3891.61913,635335.00646,,,,,,,,,,,,,,,,,,,,,,,,,,,,,,,,,,,,,,,
-72.6565565629965,-36.8227799077548,Florida,Pueblo,8021.64060,1556327.56181,,,,,,,,,,,,,,,,,,,,,,,,,,,,,,,,,,,,,,,
-73.0607712210643,-36.6384935634464,Isla Quiriquina,Pueblo,4129.94763,286644.27229,,,,,,,,,,,,,,,,,,,,,,,,,,,,,,,,,,,,,,,
-73.3900384340047,-37.6697104432492,Antiguala,Pueblo,10541.35343,1042970.93344,,,,,,,,,,,,,,,,,,,,,,,,,,,,,,,,,,,,,,,
-71.9465581422488,-37.2402586926397,Huepil,Ciudad,8352.78158,2675814.86236,Huepil,6576,1671,1551,120,1246,53,,60051.90000,294.90836,10268.87490,357.07614,95,67,551,1434294.32000,1666,176445.06590,281.09400,413.97480,695.06880,5289,153640,13782,194838,110,148,39322.49520,49.00005,45.99848,16.66121,2.93999,42.14621,121.38150,23251,7173,377,818,27335.87862
-72.4374232715458,-37.0864140731597,Monte Aguila,Pueblo,7520.83082,1747190.38547,,,,,,,,,,,,,,,,,,,,,,,,,,,,,,,,,,,,,,,
-68.9232686963577,-22.4515205083709,Calama,Ciudad,31299.97527,17515368.09470,Calama,136600,33236,31931,1305,24627,4272,124119.07000,152242.20000,160.47712,64398.45060,4381.02535,3066,1187,6344,46853067.17000,32200,4538646.59200,11404.32480,10933.75800,22338.08280,44341,1099776,206834,3206887,598,2893,499827.75080,1990.99996,1074.99601,1330.83211,146.26323,832.34963,13148.19000,100945,26479,3026,3979,392271.07450
-70.4317088901484,-23.0988489560396,Mejillones,Ciudad,17400.05844,7553971.82360,Mejillones,7825,1788,1732,56,1513,116,,14310.60000,39.20818,13216.26000,237.22597,198,71,395,1254288.91000,1054,102201.60920,462.99000,385.54440,848.53440,3619,160790,73416,424363,39,159,26028.45600,120.00002,78.00035,83.77930,5.58450,62.36812,192.77220,28285,7720,491,60,26758.43546
-70.3941167514764,-23.6208517334124,Antofagasta,Ciudad,57876.82436,35083002.36200,Antofagasta,285255,42846,41381,1465,35200,3692,186838.65000,,680.86255,155548.52950,5775.98393,5830,1850,15075,151080625.80000,82360,13245820.99000,20486.44500,36073.95750,56560.40250,123137,2079290,1655983,6372096,1787,6128,1103889.82100,3769.99874,2059.98627,2463.30202,497.37526,1250.89046,5106.76600,314862,105722,3624,9706,704497.64000
-70.4811232848703,-25.4059141022466,Taltal,Ciudad,7610.91798,2074162.79765,Taltal,9564,959,921,38,774,107,,,161.61900,15140.40000,294.57036,240,77,631,1185221.39000,901,113779.25610,307.47000,395.16000,702.63000,3679,293252,81648,242910,61,175,50119.83000,135.99986,104.00034,68.11515,9.87123,88.84662,101.01000,27518,6372,387,109,22007.09197
-70.3322644477111,-27.3651114798445,Copiap,Ciudad,45266.60741,16935952.96740,,,,,,,,,,,,,,,,,,,,,,,,,,,,,,,,,,,,,,,
-70.6159936274308,-26.3434202154637,Chaaral,Ciudad,8704.00588,2301685.53515,,,,,,,,,,,,,,,,,,,,,,,,,,,,,,,,,,,,,,,
-70.8168541819144,-27.0685365819,Caldera,Ciudad,12305.00450,2955959.28780,Caldera,12776,3572,3466,106,2848,403,,75537.00000,123.28737,8686.75500,199.19794,461,131,803,2474054.78000,2889,270992.43480,546.61320,726.52860,1273.14180,8250,179211,72756,,68,284,46435.34070,336.99995,124.00017,217.14415,9.60693,103.76724,373.56480,36319,9678,189,,66158.71639
-71.3117076130986,-29.9651693042544,Coquimbo,Ciudad,49899.27037,37315429.74000,,,,,,,,,,,,,,,,,,,,,,,,,,,,,,,,,,,,,,,
-71.1969287026688,-30.5973621807072,Ovalle,Ciudad,16915.68205,7385884.25019,Ovalle,66405,11683,11544,139,9331,1354,26374.22000,107897.90000,1555.93676,46494.18600,2385.76970,1397,364,5987,12318190.52000,21982,1557003.82000,3933.36890,4198.20920,8131.57810,23288,825184,154713,1505683,612,1713,417129.35780,908.00006,488.99328,559.10730,98.60887,306.35156,667.00520,131026,146,3601,3699,202096.74130
-71.0033059618256,-31.1792961750298,Combarbal,Ciudad,6077.45895,1283014.96549,,,,,,,,,,,,,,,,,,,,,,,,,,,,,,,,,,,,,,,
-71.1666197863747,-31.630085603653,Illapel,Ciudad,8820.44127,2260305.07645,Illapel,21826,3001,2877,124,2351,307,,69816.50000,732.65435,15232.13900,772.23120,501,166,1785,2913668.46000,3471,380181.10340,1086.70900,1059.38950,2146.09850,13855,327720,78909,221322,183,452,86630.13450,329.99983,170.99882,232.84410,19.56380,137.94223,218.55600,27809,2151,190,421,58467.75520
-71.5056685639357,-31.9125021117006,Los Vilos,Ciudad,8504.45073,2304555.16161,Los Vilos,10966,2761,2688,73,2304,213,,27924.80000,340.13454,3277.67340,490.67556,423,117,1037,1240203.75000,1871,188819.11600,635.28920,631.79860,1267.08780,3959,333586,23774,313552,114,300,57285.98190,296.99980,126.00019,197.53480,6.77875,111.35538,181.51120,20555,6262,1027,399,55757.72642
-71.2466971049297,-29.9171723673426,La Serena,Ciudad,49691.97698,38650537.61520,,,,,,,,,,,,,,,,,,,,,,,,,,,,,,,,,,,,,,,
-71.8324215764987,-36.6277132337762,Coihueco,Ciudad,8404.35257,1673081.53923,Coihueco,7230,2241,2163,78,1885,77,,14149.80000,1061.19680,10720.83180,520.40134,183,52,1191,1607536.20000,4056,232941.84930,398.55270,429.21060,827.76330,5304,184453,13897,205986,141,371,59833.60845,95.99979,87.00005,29.25235,4.87461,78.01256,282.99600,,,,,18172.12086
-73.2271343627758,-38.0158255754536,Contulmo,Pueblo,9332.49418,903338.48097,,,,,,,,,,,,,,,,,,,,,,,,,,,,,,,,,,,,,,,
-73.6532927086904,-37.611933002548,Lebu,Ciudad,12475.51456,2799199.31378,Lebu,20838,1511,1506,5,1246,138,,25035.00000,464.74974,17476.93350,805.56622,400,168,880,1761561.12000,3248,595390.19240,498.19650,948.82650,1447.02300,7744,283957,67840,158747,166,374,75606.95175,230.00005,169.99766,109.40045,8.78979,153.35189,2949.12300,42889,11871,401,1565,51784.37019
-72.6568576509702,-37.5147386223511,El Sauzal,Pueblo,8982.03086,2775660.40667,,,,,,,,,,,,,,,,,,,,,,,,,,,,,,,,,,,,,,,
-72.6805350166148,-37.5007557184622,Nacimiento,Ciudad,12623.19577,3522671.79507,,,,,,,,,,,,,,,,,,,,,,,,,,,,,,,,,,,,,,,
-73.034545059118,-36.8684103594526,Chiguayante,Ciudad,13031.30228,1609025.44000,,,,,,,,,,,,,,,,,,,,,,,,,,,,,,,,,,,,,,,
-73.3960894609358,-37.8003528114018,Caete,Ciudad,11662.12704,3761494.50329,,,,,,,,,,,,,,,,,,,,,,,,,,,,,,,,,,,,,,,
-72.005338931798,-37.6836359988633,Quillaco,Pueblo,5985.17920,911186.94328,,,,,,,,,,,,,,,,,,,,,,,,,,,,,,,,,,,,,,,
-71.815320330483,-36.2822813266659,San Gregorio,Pueblo,3788.26721,521522.77313,,,,,,,,,,,,,,,,,,,,,,,,,,,,,,,,,,,,,,,
-72.0972753031517,-36.977261130184,Pemuco,Pueblo,7144.65795,2108778.83874,,,,,,,,,,,,,,,,,,,,,,,,,,,,,,,,,,,,,,,
-72.9610919391475,-36.6715605708007,Punta de Parra,Pueblo,6429.03007,606292.41389,,,,,,,,,,,,,,,,,,,,,,,,,,,,,,,,,,,,,,,
-72.9342225609086,-36.547299272608,Dichato,Pueblo,7630.54712,1059034.94022,,,,,,,,,,,,,,,,,,,,,,,,,,,,,,,,,,,,,,,
-72.2967060886,-36.7428207068907,Bulnes,Ciudad,5648.84217,1749626.65422,Bulnes,10681,1291,1119,172,753,92,,8238.00000,342.09119,12130.45500,639.20372,293,94,1145,2715910.19000,3607,339631.86470,607.55250,698.17050,1305.72300,2439,171176,17154,224566,156,267,62907.01560,182.00007,111.00087,69.46488,3.91305,101.75166,142.10550,33570,8835,696,1454,30090.38415
-72.1292461018674,-36.6282342003178,Chillan Viejo,Ciudad,14745.06316,4474306.61962,,,,,,,,,,,,,,,,,,,,,,,,,,,,,,,,,,,,,,,
-72.1005132776542,-36.609262148082,Chillan,Ciudad,32925.26815,21701062.92750,,,,,,,,,,,,,,,,,,,,,,,,,,,,,,,,,,,,,,,
-72.9558654512712,-36.6102151508206,Tome,Ciudad,28211.64692,6901670.16401,,,,,,,,,,,,,,,,,,,,,,,,,,,,,,,,,,,,,,,
-72.3380294930807,-38.2338613869491,Victoria,Ciudad,19381.07762,6454703.89102,Victoria,23977,4197,3994,203,3394,237,,36851.10000,987.14047,21316.68630,1645.23411,667,159,1883,3752729.09000,4646,484105.81260,877.72620,2107.21290,2984.93910,11706,310841,27463,290640,198,438,96396.44742,433.99976,232.99946,209.58896,6.92131,221.45166,2358.47040,66721,23169,2202,3442,79513.25991
-72.2291962628017,-39.2884835047515,Villarrica,Ciudad,12099.52085,4925456.44390,,,,,,,,,,,,,,,,,,,,,,,,,,,,,,,,,,,,,,,
-72.1568514546989,-39.4869197828762,Lican Ray,Pueblo,10602.93432,2802120.39469,,,,,,,,,,,,,,,,,,,,,,,,,,,,,,,,,,,,,,,
-73.070490701775,-38.0339094320439,Puren,Ciudad,9083.36014,2548859.04332,,,,,,,,,,,,,,,,,,,,,,,,,,,,,,,,,,,,,,,
-72.3758060731387,-38.0625209337804,Ercilla,Pueblo,6072.51512,1340279.57606,,,,,,,,,,,,,,,,,,,,,,,,,,,,,,,,,,,,,,,
-72.431595358928,-37.9568723050707,Collipulli,Ciudad,7652.75403,2456089.45367,Collipulli,14240,2860,2729,131,2164,150,,11177.00000,630.04771,12484.70900,492.73804,236,168,938,1329614.31000,3893,219246.38640,315.19140,684.03240,999.22380,7670,263122,19023,290894,162,378,52661.10612,109.99979,125.99832,72.26154,14.84753,104.92744,1479.83480,45165,16000,862,769,41415.52010
-72.4517528247876,-38.6363853729871,Pillanlelbun,Pueblo,6208.24661,1565850.61440,,,,,,,,,,,,,,,,,,,,,,,,,,,,,,,,,,,,,,,
-73.1640200373196,-39.1787874346271,Tolten,Pueblo,4971.58560,836704.87414,,,,,,,,,,,,,,,,,,,,,,,,,,,,,,,,,,,,,,,
-72.9058375479321,-38.1664349602889,Lumaco,Pueblo,4713.36152,812004.76336,,,,,,,,,,,,,,,,,,,,,,,,,,,,,,,,,,,,,,,
-72.8368556029517,-37.9800184485498,Los Sauces,Pueblo,8421.27027,1516023.58467,,,,,,,,,,,,,,,,,,,,,,,,,,,,,,,,,,,,,,,
-72.1161993801481,-38.6604718992708,San Patricio,Aldea,3996.74123,789303.70011,,,,,,,,,,,,,,,,,,,,,,,,,,,,,,,,,,,,,,,
-72.8449503778519,-38.6034300398874,Cholchol,Pueblo,7316.65832,1753727.67030,,,,,,,,,,,,,,,,,,,,,,,,,,,,,,,,,,,,,,,
-71.5791686915463,-38.4745736001228,Malalcahuello,Aldea,2697.29286,221369.60789,,,,,,,,,,,,,,,,,,,,,,,,,,,,,,,,,,,,,,,
-72.6158146428757,-38.8684233290443,Quepe,Pueblo,10564.55906,1626889.48452,,,,,,,,,,,,,,,,,,,,,,,,,,,,,,,,,,,,,,,
-72.2462565568556,-38.9883931975151,Los Laureles,Pueblo,5076.77904,731280.36354,,,,,,,,,,,,,,,,,,,,,,,,,,,,,,,,,,,,,,,
-72.7814808653369,-38.4146991391384,Galvarino,Pueblo,5523.58431,1002168.79935,,,,,,,,,,,,,,,,,,,,,,,,,,,,,,,,,,,,,,,
-72.756628540316,-38.7645686476529,Labranza,Aldea,5195.87426,1043378.89832,,,,,,,,,,,,,,,,,,,,,,,,,,,,,,,,,,,,,,,
-72.6604880824622,-39.1549060605119,Quitratue,Aldea,5208.49760,683813.90477,,,,,,,,,,,,,,,,,,,,,,,,,,,,,,,,,,,,,,,
-73.4119687699475,-38.7438628021245,Nehuentue,Aldea,2539.61202,389969.48712,,,,,,,,,,,,,,,,,,,,,,,,,,,,,,,,,,,,,,,
-72.1547539295095,-38.9420122129204,Hortensias,Aldea,2218.48504,276540.11109,,,,,,,,,,,,,,,,,,,,,,,,,,,,,,,,,,,,,,,
-73.4880988419528,-42.4722383354033,Achao,Pueblo,6878.49314,1587466.36413,,,,,,,,,,,,,,,,,,,,,,,,,,,,,,,,,,,,,,,
-72.378320330337,-38.4226019732483,Perquenco,Pueblo,5812.75309,1378160.31562,,,,,,,,,,,,,,,,,,,,,,,,,,,,,,,,,,,,,,,
-72.4331570986405,-38.5342400135619,Lautaro,Ciudad,13411.42660,6013521.06547,Lautaro,18808,2854,2725,129,2199,189,,299627.40000,1198.10687,16817.79600,1264.24238,469,78,1400,6417486.53000,5567,646002.39940,998.75800,1540.02040,2538.77840,10727,345465,33662,258197,254,547,92345.16468,251.99985,216.99790,98.10381,24.04107,182.74050,2864.18020,,,,,76570.78822
-73.090183997894,-38.9950704206266,Teodoro Schimidt,Pueblo,5457.08387,1335950.62905,,,,,,,,,,,,,,,,,,,,,,,,,,,,,,,,,,,,,,,
-73.1798496938318,-39.0904081499386,Gualpin,Pueblo,4056.49945,804017.09725,,,,,,,,,,,,,,,,,,,,,,,,,,,,,,,,,,,,,,,
-72.5969028284124,-38.7661905167774,Padre de Las Casas,Ciudad,18515.12883,6512048.70872,,,,,,,,,,,,,,,,,,,,,,,,,,,,,,,,,,,,,,,
-73.397549046296,-38.7868509741922,Puerto Saavedra,Pueblo,6220.68403,1125748.20761,,,,,,,,,,,,,,,,,,,,,,,,,,,,,,,,,,,,,,,
-72.625636202635,-39.3697771634954,Loncoche,Ciudad,16824.12913,5046415.59722,Loncoche,14191,2429,2313,116,1875,194,,34555.50000,929.90002,11638.29240,1041.76770,327,139,935,919558.79000,2550,170524.34900,532.15470,780.95430,1313.10900,20402,183069,15026,262299,168,292,87705.31455,207.99969,118.99762,127.24948,7.95237,107.36624,2384.32950,24911,6999,202,949,52425.04210
-72.6382308906862,-38.9881663236699,Pitrufquen,Ciudad,17658.52389,4537432.93526,,,,,,,,,,,,,,,,,,,,,,,,,,,,,,,,,,,,,,,
-72.991486718068,-38.1942240494655,Capitan Pastene,Pueblo,5299.67988,1079792.96514,,,,,,,,,,,,,,,,,,,,,,,,,,,,,,,,,,,,,,,
-71.9571171859272,-39.2809607746764,Pucon,Ciudad,23452.59361,5880999.13072,,,,,,,,,,,,,,,,,,,,,,,,,,,,,,,,,,,,,,,
-71.3707824353378,-38.4524093493145,Lonquimay,Pueblo,6790.16359,1319238.82412,,,,,,,,,,,,,,,,,,,,,,,,,,,,,,,,,,,,,,,
-72.2254600912485,-38.6705008437003,Vilcun,Pueblo,9403.78060,1476733.47947,,,,,,,,,,,,,,,,,,,,,,,,,,,,,,,,,,,,,,,
-72.0051022612771,-38.6831071395056,Cherquenco,Pueblo,6413.70068,1147472.82003,,,,,,,,,,,,,,,,,,,,,,,,,,,,,,,,,,,,,,,
-72.6028002129843,-38.7325699597359,Temuco,Ciudad,75222.95243,37131712.71000,,,,,,,,,,,,,,,,,,,,,,,,,,,,,,,,,,,,,,,
-72.8838614235959,-40.9734039437001,Puerto Octay,Pueblo,5976.79375,858899.69009,,,,,,,,,,,,,,,,,,,,,,,,,,,,,,,,,,,,,,,
-72.6394755435856,-41.0810896864041,Las Cascadas,Pueblo,5251.99087,954866.05289,,,,,,,,,,,,,,,,,,,,,,,,,,,,,,,,,,,,,,,
-73.4633275487347,-41.3974763562931,Los Muermos,Pueblo,6475.96095,1278420.15164,Los Muermos,5707,2664,2505,159,1982,136,,,461.86271,7945.93760,130.43620,147,54,835,1154308.25000,942,128979.77680,271.42400,342.67280,614.09680,8169,82652,6642,18351,105,179,50877.58060,75.99991,70.99773,43.67043,0.99070,66.49888,476.68840,12847,3486,271,,13817.94939
-73.0048326346427,-41.260069722543,Llanquihue,Ciudad,13598.42663,4113279.58172,Llanquihue,11447,1117,1104,13,955,51,,,443.15893,14378.19370,407.29285,166,100,847,3655903.15000,3497,399796.70020,607.73640,655.11370,1262.85010,6741,171949,12501,35841,93,226,51282.65985,83.99979,82.00030,48.85743,9.58002,68.97481,841.35550,9491,3362,257,268,31655.34507
-73.7740031376086,-42.6229554098037,Chonchi,Pueblo,7421.02000,2000714.38871,,,,,,,,,,,,,,,,,,,,,,,,,,,,,,,,,,,,,,,
-73.6126943724364,-43.1173085588844,Quellon,Pueblo,10637.84360,2252900.57585,,,,,,,,,,,,,,,,,,,,,,,,,,,,,,,,,,,,,,,
-73.4287664086906,-39.8706922545055,Corral,Pueblo,6009.99457,326906.74660,,,,,,,,,,,,,,,,,,,,,,,,,,,,,,,,,,,,,,,
-73.7049219284066,-41.744757227774,Carelmapu,Pueblo,5178.91453,578125.63728,,,,,,,,,,,,,,,,,,,,,,,,,,,,,,,,,,,,,,,
-72.9482521059046,-38.7456315758087,Nueva Imperial,Ciudad,14773.03528,3904419.57490,Nueva Imperial,14980,3399,3275,124,2605,240,,32993.40000,1195.20391,15812.83680,463.25733,449,79,1142,1324734.84000,1798,209106.07890,578.88420,1208.75820,1787.64240,5890,214357,26778,372935,239,480,93914.21340,172.21145,163.97420,87.91541,5.08698,145.31193,7561.48740,29352,10825,420,1382,48538.02019
-71.6928823719797,-38.8528546513427,Mellipeuco,Pueblo,5382.48553,1189164.86873,,,,,,,,,,,,,,,,,,,,,,,,,,,,,,,,,,,,,,,
-72.705710491136,-37.7976165959694,Angol,Ciudad,21408.29495,6912992.76631,Angol,43801,5043,4867,176,4160,396,10434.90000,78393.60000,1237.61544,24963.46200,1288.16364,667,203,2420,8489458.76000,15306,1192680.70500,1097.51040,3101.44680,4198.95720,13913,530553,45594,413670,314,784,168536.44080,425.00012,242.00104,171.59869,15.59543,217.41975,1876.54680,116566,47440,1930,2748,128762.17580
-71.8875148115653,-38.4398586287046,Curacautin,Ciudad,12092.66243,3712002.31843,,,,,,,,,,,,,,,,,,,,,,,,,,,,,,,,,,,,,,,
-72.6252929571886,-38.9563637989776,Freire,Pueblo,11511.55296,2298426.96640,,,,,,,,,,,,,,,,,,,,,,,,,,,,,,,,,,,,,,,
-72.3918253986868,-38.985418278843,Radal,Aldea,3257.24390,568289.83623,,,,,,,,,,,,,,,,,,,,,,,,,,,,,,,,,,,,,,,
-71.5853195302031,-39.3623828588049,Curarrehue,Pueblo,7017.76573,898285.87932,,,,,,,,,,,,,,,,,,,,,,,,,,,,,,,,,,,,,,,
-72.027786873532,-38.9319066467971,Cunco,Ciudad,11147.24558,2020889.03216,Cunco,7316,1849,1792,57,1524,125,,50498.10000,467.37114,8934.42310,361.83572,112,23,747,2692040.18000,1061,127162.86750,314.21040,555.47910,869.68950,11453,121840,17142,186110,139,192,58757.34480,54.99973,56.99739,29.48528,1.96382,52.09534,1191.38110,,,,,32178.09227
-73.1598770090068,-38.7124964105975,Carahue,Ciudad,10391.24623,2368622.41316,Carahue,9459,1637,1589,48,1279,96,,28265.60000,770.60248,14605.60640,557.12012,398,64,893,867991.61000,558,108197.00970,334.04800,750.32320,1084.37120,8888,183171,43520,252184,173,338,64324.28288,202.00011,195.99624,109.30821,1.96831,187.10542,3348.18880,,,,,32517.58671
-73.3196658326625,-38.6323453879636,Trovolhue,Pueblo,8437.85242,908077.87471,,,,,,,,,,,,,,,,,,,,,,,,,,,,,,,,,,,,,,,
-72.6745848374937,-39.1047754373169,Gorbea,Ciudad,16305.47907,4210816.67931,Gorbea,7852,1332,1281,51,1120,48,,74587.80000,346.48925,9626.39280,641.00512,292,59,846,1417428.07000,3121,156162.59270,375.98340,506.89260,882.87600,13695,115502,12822,138952,129,172,41287.39170,163.99985,127.99875,78.83017,25.62015,98.53657,907.23120,,,,,40872.80403
-72.675662427219,-39.2367686985494,Lastarria,Pueblo,6943.21305,965152.39237,,,,,,,,,,,,,,,,,,,,,,,,,,,,,,,,,,,,,,,
-72.2925171890599,-39.0017873894791,Choroico,Aldea,1460.25879,91487.30750,,,,,,,,,,,,,,,,,,,,,,,,,,,,,,,,,,,,,,,
-73.4608783344338,-37.6279197177632,Los Alamos,Ciudad,9229.65625,1946771.96078,Los Alamos,13035,,,,,,,33537.60000,,,,227,78,579,1435325.60000,2194,183911.78720,,,,6222,141524,15150,41882,127,322,60521.39400,116.99983,109.99774,62.38180,0.95955,103.64795,1723.46000,,,,,
-73.4107708033291,-37.6157450828227,Cerro Alto Tres Pinos,Ciudad,16272.59060,1998566.79799,,,,,,,,,,,,,,,,,,,,,,,,,,,,,,,,,,,,,,,
-72.93526368019,-36.9737035703336,Hualqui,Ciudad,11086.05188,2488381.07047,Hualqui,13724,2411,2287,124,1870,173,3447.61000,20644.80000,606.44081,10844.15040,702.25727,367,77,600,965563.08000,1058,117308.61790,585.56160,679.40160,1264.96320,6586,182546,17716,272761,120,363,62578.51776,224.99979,142.00056,168.56479,6.66639,119.99696,350.96160,8832,11711,354,,44016.78989
-72.7110380739314,-37.2770235307654,Laja,Ciudad,8838.84517,2113004.59081,Laja,19537,1858,1772,86,1498,140,,17923.20000,418.38126,17670.03480,923.81281,289,93,818,1903605.24000,4779,305790.45460,862.55400,884.95800,1747.51200,4163,241941,24779,349299,132,305,89284.42080,155.99972,132.99687,88.03204,1.99844,129.04704,474.96480,37235,9909,1002,3,37088.69165
-73.3445759058801,-37.4775227720391,Curanilahue,Ciudad,16477.23224,4699848.51226,Curanilahue,30126,2418,2295,123,1699,318,,19165.80000,923.98322,25327.60470,1334.64243,464,341,1262,4347825.16000,5543,579902.68440,817.74080,1108.42210,1926.16290,11956,276377,15660,277041,192,528,87014.64858,272.99989,190.99997,87.28744,16.85952,170.61076,1661.03600,66679,16655,1207,4210,73356.99299
-72.9883651358133,-36.7324264106252,Penco,Ciudad,22896.75958,6166576.69690,,,,,,,,,,,,,,,,,,,,,,,,,,,,,,,,,,,,,,,
-71.9501706362077,-37.2915780296037,Tucapel,Pueblo,6076.50684,1053308.76685,,,,,,,,,,,,,,,,,,,,,,,,,,,,,,,,,,,,,,,
-72.4023522606846,-37.0346625192298,Cabrero,Ciudad,10427.70639,3216231.64892,Cabrero,18037,2656,2442,214,1991,93,,27810.20000,904.16623,16567.29460,969.61526,245,166,1075,3404244.63000,4693,456755.29970,594.12700,573.90140,1168.02840,8868,352804,19484,415848,135,369,78171.94400,122.00006,122.99693,74.10660,3.79736,112.11303,401.98380,38225,11672,541,,54181.97306
-72.944829334277,-37.174695873495,Santa Juana,Ciudad,7493.79989,1855265.64527,,,,,,,,,,,,,,,,,,,,,,,,,,,,,,,,,,,,,,,
-72.5371315510998,-36.6046113112319,Nipas,Pueblo,5077.48979,635442.59752,,,,,,,,,,,,,,,,,,,,,,,,,,,,,,,,,,,,,,,
-72.084490466756,-36.5453775039938,Villa Illinois,Pueblo,4801.15848,480874.35271,,,,,,,,,,,,,,,,,,,,,,,,,,,,,,,,,,,,,,,
-71.550413833305,-36.555389287579,San Fabian de Alico,Pueblo,3705.03323,643116.07881,,,,,,,,,,,,,,,,,,,,,,,,,,,,,,,,,,,,,,,
-71.8933474742974,-36.7037692404941,Pinto,Pueblo,5298.37258,1252001.98437,,,,,,,,,,,,,,,,,,,,,,,,,,,,,,,,,,,,,,,
-72.5390961754064,-37.1456534125226,Estacion Yumbel,Pueblo,4413.84177,642552.86241,,,,,,,,,,,,,,,,,,,,,,,,,,,,,,,,,,,,,,,
-72.5607491739103,-37.0996518259932,Yumbel,Ciudad,9824.40215,2237256.57253,Yumbel,8302,1965,1907,58,1644,138,,22547.80000,568.41979,17162.97540,519.95452,262,136,688,1198088.48000,1625,181922.31450,563.69500,592.39220,1156.08720,6095,237244,30786,341241,173,217,59317.11240,149.99985,111.99697,70.46188,3.97046,102.21943,200.88040,30781,9580,731,11428,33905.94248
-71.9821258851846,-37.4726665158992,Quilleco,Pueblo,5136.29980,1099464.72568,,,,,,,,,,,,,,,,,,,,,,,,,,,,,,,,,,,,,,,
-71.9797537595229,-37.4041972085449,Villa Mercedes,Pueblo,2872.73807,505366.03297,,,,,,,,,,,,,,,,,,,,,,,,,,,,,,,,,,,,,,,
-72.5416696533813,-36.2799056842349,Quirihue,Ciudad,6854.26352,1430707.57648,Quirihue,7952,986,943,43,719,64,,4571.60000,383.50695,8928.33480,213.05942,130,110,453,999217.16000,1720,152410.42230,316.58330,340.58420,657.16750,2429,69030,32899,113171,94,114,36279.76044,72.99988,56.99985,38.39458,2.95211,51.19392,91.43200,21108,6678,776,1573,23700.43793
-72.2142408627505,-36.5025399951918,San Nicolas,Pueblo,4437.19402,902489.43176,,,,,,,,,,,,,,,,,,,,,,,,,,,,,,,,,,,,,,,
-72.0224296182768,-37.6681319410268,Santa Barbara,Ciudad,5842.56363,1073795.00846,,,,,,,,,,,,,,,,,,,,,,,,,,,,,,,,,,,,,,,
-71.6771416161649,-37.3291361696977,Antuco,Pueblo,4682.35462,740509.49772,,,,,,,,,,,,,,,,,,,,,,,,,,,,,,,,,,,,,,,
-72.9302857174738,-36.5301778144447,Dichato,Pueblo,2700.67853,487682.69849,,,,,,,,,,,,,,,,,,,,,,,,,,,,,,,,,,,,,,,
-72.7021013055496,-36.4887206458138,Coelemu,Ciudad,6352.25658,1122565.60522,Coelemu,9845,2130,2030,100,1600,193,,,466.31367,9046.12500,328.53918,177,126,973,1851512.70000,2407,221230.04770,368.27780,498.54200,866.81980,4642,115612,24663,288616,123,197,49672.15176,80.99989,95.99989,34.98317,,94.95134,210.67420,26515,8300,28,927,22518.40897
-72.5830493463993,-37.6781563590274,Renaico,Ciudad,8422.48721,3329463.58520,Renaico,5355,853,794,59,660,33,,,287.62784,5059.65040,279.13597,110,26,390,405775.52000,739,74292.37990,138.74560,277.49120,416.23680,5551,82744,20299,97403,59,129,23885.69400,68.00004,41.99975,25.71540,0.98856,39.56258,188.03680,,,,,19399.78766
-72.6704952344584,-38.2508555657746,Traiguen,Ciudad,10704.28109,4801655.08227,,,,,,,,,,,,,,,,,,,,,,,,,,,,,,,,,,,,,,,
-72.3182274000079,-38.1342704690776,Pailahueque,Pueblo,4382.67987,812716.22548,,,,,,,,,,,,,,,,,,,,,,,,,,,,,,,,,,,,,,,
-72.4772572845834,-37.7912557875278,Mininco,Pueblo,5501.18959,1383663.29229,,,,,,,,,,,,,,,,,,,,,,,,,,,,,,,,,,,,,,,
-73.4915424138382,-38.3418953619632,Tirua,Pueblo,3130.56341,519825.18056,,,,,,,,,,,,,,,,,,,,,,,,,,,,,,,,,,,,,,,
-72.427238119869,-36.5293979553432,Portezuelo,Pueblo,4202.01121,844301.10586,,,,,,,,,,,,,,,,,,,,,,,,,,,,,,,,,,,,,,,
-73.129289219866,-36.8492956501092,San Pedro,Ciudad,34816.40227,22338906.39160,,,,,,,,,,,,,,,,,,,,,,,,,,,,,,,,,,,,,,,
-72.0139507407715,-37.1232245931421,Yungay,Ciudad,10035.07743,2593222.02875,Yungay,9288,2416,2346,70,1960,145,,,347.79423,15806.84140,608.09647,258,114,792,3752229.96000,2625,310741.32410,507.78280,583.44580,1091.22860,5475,172607,18829,81731,130,208,53962.17904,148.00002,110.00055,45.64833,5.82605,95.18069,201.76800,18484,5497,723,848,28081.01509
-72.1955558376492,-37.1334226005149,Campanario,Pueblo,13090.50521,2919256.15236,,,,,,,,,,,,,,,,,,,,,,,,,,,,,,,,,,,,,,,
-71.9593109217934,-36.4256142349999,San Carlos,Ciudad,14510.50522,6058379.39169,San Carlos,29359,5048,4842,206,3946,424,,75132.00000,1526.95271,19013.40480,1328.28467,601,243,3519,16223492.26000,8867,1060720.72500,1217.13840,2183.83680,3400.97520,15415,366766,52063,567907,370,641,159207.71330,404.99955,195.99935,213.65537,14.76594,170.32925,415.73040,117603,34960,2797,2072,71303.32725
-72.0324138172348,-36.8003645261349,San Ignacio,Pueblo,6413.29701,1814395.44297,,,,,,,,,,,,,,,,,,,,,,,,,,,,,,,,,,,,,,,
-72.7953037708566,-36.1347210498945,Cobquecura,Pueblo,5623.62469,674092.62845,,,,,,,,,,,,,,,,,,,,,,,,,,,,,,,,,,,,,,,
-71.6573949948939,-36.8433495005087,Recinto Los Lleuques,Pueblo,7236.43427,859882.96223,,,,,,,,,,,,,,,,,,,,,,,,,,,,,,,,,,,,,,,
-73.3182908590019,-37.2479866434262,Arauco,Ciudad,14146.69507,2550704.94490,Arauco,16291,3631,3419,212,2797,202,,34873.00000,974.21527,24693.57130,987.29996,515,168,1603,23219682.71000,9695,1247243.74900,1210.09310,1398.40730,2608.50040,12357,351581,53472,372373,194,512,117703.00090,242.99960,271.99894,109.84646,9.46453,238.62548,1234.50420,47231,13345,809,1171,52249.94643
-73.2402033721624,-37.2589313028624,Carampangue,Pueblo,10367.38904,907356.79661,,,,,,,,,,,,,,,,,,,,,,,,,,,,,,,,,,,,,,,
-73.1881998323935,-37.1712769348966,Laraquete,Pueblo,8309.74482,1096327.65869,,,,,,,,,,,,,,,,,,,,,,,,,,,,,,,,,,,,,,,
-72.3484585113992,-37.4693590503359,Los Angeles,Ciudad,28018.63311,15761478.21810,Los Angeles,138856,25894,24834,1060,20501,1896,54850.87000,560474.30000,883.06438,19834.05270,922.87793,3672,2489,10913,67253120.00000,70216,6174185.82200,646.67790,799.90680,1446.58470,62481,1837482,82795,2716802,1238,3321,596151.66880,2621.00031,1050.97951,1440.55097,174.88864,755.63883,2320.71240,45237,14250,440,941,52909.85435
-72.4677789915831,-36.7460402205748,Quillon,Pueblo,11990.25022,5483707.17113,,,,,,,,,,,,,,,,,,,,,,,,,,,,,,,,,,,,,,,
-72.2404649143123,-37.7210328122084,Mulchen,Ciudad,9691.03152,3928739.08695,,,,,,,,,,,,,,,,,,,,,,,,,,,,,,,,,,,,,,,
-72.4006138720451,-36.3959156916162,Ninhue,Pueblo,5282.80153,946423.29906,,,,,,,,,,,,,,,,,,,,,,,,,,,,,,,,,,,,,,,
-73.5969377522187,-41.6236395688322,Maullin,Pueblo,7501.27386,1529896.49850,,,,,,,,,,,,,,,,,,,,,,,,,,,,,,,,,,,,,,,
-73.6532483561173,-42.3783750610907,Dalcahue,Pueblo,6131.93999,1158034.90726,,,,,,,,,,,,,,,,,,,,,,,,,,,,,,,,,,,,,,,
-73.0825861320789,-41.3260680797941,Nueva Braunau,Pueblo,3036.61341,295029.39815,,,,,,,,,,,,,,,,,,,,,,,,,,,,,,,,,,,,,,,
-72.7083185635017,-42.9190565611973,Chaiten,Pueblo,5738.32494,1291327.30389,,,,,,,,,,,,,,,,,,,,,,,,,,,,,,,,,,,,,,,
-71.8670553035419,-43.1852847852962,Futaleufu,Pueblo,3040.17702,537181.58848,,,,,,,,,,,,,,,,,,,,,,,,,,,,,,,,,,,,,,,
-73.0086245643544,-40.41176411702,San Pablo,Pueblo,6507.58429,1584274.60978,,,,,,,,,,,,,,,,,,,,,,,,,,,,,,,,,,,,,,,
-73.1607797677583,-40.9504109440489,Corte Alto,Pueblo,4647.05931,679115.56919,,,,,,,,,,,,,,,,,,,,,,,,,,,,,,,,,,,,,,,
-72.4789540106523,-40.322138830233,Lago Ranco,Pueblo,5751.52865,944385.69460,,,,,,,,,,,,,,,,,,,,,,,,,,,,,,,,,,,,,,,
-72.8700648748843,-40.0708838994965,Paillaco,Ciudad,7442.34980,2395111.50592,Paillaco,9973,1459,1405,54,1171,131,,113498.30000,457.07112,12900.33220,323.12389,203,172,1021,2032173.33000,1916,212206.12550,507.85680,523.24640,1031.10320,5868,156656,25441,294319,146,274,58465.09040,128.99986,74.00089,62.67799,1.95640,57.78218,744.47190,37353,12714,621,1133,27051.31592
-72.9135357244342,-41.3990293270148,Alerce,Pueblo,5771.53458,1521616.82034,,,,,,,,,,,,,,,,,,,,,,,,,,,,,,,,,,,,,,,
-73.47306695767,-42.8896983681316,Queilen,Pueblo,5364.57890,963246.11081,,,,,,,,,,,,,,,,,,,,,,,,,,,,,,,,,,,,,,,
-73.1333652168257,-41.7758405889357,Calbuco,Pueblo,8316.40317,1499913.49598,Calbuco,12165,1150,1109,41,915,117,,15535.00000,1270.26588,18262.94600,242.40907,344,316,967,3703294.72000,3238,413770.01770,695.96800,742.57300,1438.54100,17257,94841,14353,337008,203,465,103525.24000,176.99989,167.00125,103.48796,7.66497,146.61001,2460.74400,42877,13649,94,774,
-71.6482489692588,-33.3105307333381,El Yeco,Pueblo,2566.64506,200585.09635,,,,,,,,,,,,,,,,,,,,,,,,,,,,,,,,,,,,,,,
-71.6977766841589,-33.1934590292672,Quintay,Pueblo,2375.48321,196061.98041,,,,,,,,,,,,,,,,,,,,,,,,,,,,,,,,,,,,,,,
-71.2758981501987,-32.5656600714902,Catapilco,Pueblo,2405.63998,290212.44799,,,,,,,,,,,,,,,,,,,,,,,,,,,,,,,,,,,,,,,
-70.9352414990954,-32.2523304762663,Petorca,Pueblo,4027.06659,303953.74240,,,,,,,,,,,,,,,,,,,,,,,,,,,,,,,,,,,,,,,
-70.7166322449395,-32.6268869431093,Putaendo,Ciudad,4589.53497,623566.85082,Putaendo,7214,1809,1786,23,1561,133,,21973.50000,372.03772,10720.13820,230.76394,263,32,871,958404.20000,1910,127284.27800,459.97860,524.43420,984.41280,5664,145411,11393,50704,126,206,53584.57710,141.99993,120.99928,77.59429,3.83218,89.08789,95.21850,,,,,13555.26696
-70.5820618575359,-32.8003503453532,San Esteban,Pueblo,4450.39556,399249.49463,,,,,,,,,,,,,,,,,,,,,,,,,,,,,,,,,,,,,,,
-71.2139460182004,-32.6884972753288,El Melon,Ciudad,5770.97023,911865.77812,,,,,,,,,,,,,,,,,,,,,,,,,,,,,,,,,,,,,,,
-72.0042908242705,-39.5701905373382,Conaripe,Pueblo,6376.91143,968873.02738,,,,,,,,,,,,,,,,,,,,,,,,,,,,,,,,,,,,,,,
-72.3347865162297,-39.6433308190056,Panguipulli,Ciudad,9613.93820,1523272.11606,Panguipulli,11142,2534,2415,119,2030,154,,,759.62259,20745.71550,911.54711,437,167,1482,3759614.76000,3038,357303.71840,618.87780,968.24430,1587.12210,9798,164218,42601,490989,254,418,94089.72213,249.00016,187.99578,144.13198,10.71391,171.40253,3713.26680,52090,20032,893,1716,34483.59943
-71.565781791692,-33.1292277892088,Curauma,Ciudad,22490.79899,4964663.58195,,,,,,,,,,,,,,,,,,,,,,,,,,,,,,,,,,,,,,,
-71.2313108597488,-32.4515207387098,La Ligua,Ciudad,7441.22156,1516333.97989,La Ligua,17048,4167,4125,42,3520,259,,35185.70000,726.58470,17074.66060,665.00973,444,173,2810,3561405.79000,4709,381183.00490,1452.20980,1244.29430,2696.50410,12550,443686,26075,521899,199,442,107812.18350,317.00013,127.00118,223.26606,10.45015,105.45474,211.11420,,,,,59889.79296
-70.7236751004858,-32.7485293957416,San Felipe,Ciudad,16085.20082,6000964.64092,San Felipe,53358,9764,9529,235,7793,944,18741.09000,173140.20000,874.19769,31004.92100,946.63122,1590,350,4619,13456384.06000,32671,2259243.40200,3488.45440,4617.07200,8105.52640,25469,686938,200658,838527,396,1166,253748.50580,1049.99977,539.99863,606.93335,30.34442,293.97282,436.05680,110465,25479,1534,3251,167557.08280
-70.6574394950346,-32.7467854015681,Santa Maria,Ciudad,5197.22948,434201.63703,Santa Maria,6443,1682,1634,48,1362,74,,14094.30000,251.73778,6024.67260,247.45491,232,26,762,1617938.64000,4671,234330.28410,367.73310,397.20300,764.93610,4843,165829,19704,2902,80,270,44892.13932,132.99997,98.99836,67.16959,0.95969,71.00580,180.66330,,,,,13828.23275
-71.4048604064829,-33.3186797901164,Casablanca,Ciudad,12726.48802,3492048.91015,Casablanca,14437,2897,2494,403,1886,142,,91870.80000,471.92061,22283.04380,289.77582,343,186,1312,32912652.71000,5304,980390.61530,1113.38660,909.95840,2023.34500,9606,515234,34305,213971,128,327,72253.32184,244.00010,98.99735,117.40869,6.46814,79.50543,201.24080,39182,12249,2790,3,54071.88289
-70.9575183078347,-32.8403981852922,Llaillay,Ciudad,9849.74211,2078433.85664,Llaillay,16215,3410,3263,147,2756,210,,,581.27906,9267.96080,852.38314,421,46,1168,2608821.21000,5434,358327.19140,796.49920,861.43120,1657.93040,7895,196109,33757,26683,151,367,60269.88240,228.99980,191.99960,114.15262,5.80492,132.53703,155.83680,,,,,43419.69614
-70.6239020715821,-32.8561185306615,Calle Larga,Pueblo,6187.57159,619756.34097,,,,,,,,,,,,,,,,,,,,,,,,,,,,,,,,,,,,,,,
-70.6877405127585,-32.7852576034253,Curimon,Pueblo,3154.29852,309211.86306,,,,,,,,,,,,,,,,,,,,,,,,,,,,,,,,,,,,,,,
-71.2256827171524,-32.8256067496901,La Cruz,Ciudad,2593.65343,252707.01935,,,,,,,,,,,,,,,,,,,,,,,,,,,,,,,,,,,,,,,
-70.8357204010858,-32.7695273842201,Panquehue,Pueblo,3555.56193,393220.87335,,,,,,,,,,,,,,,,,,,,,,,,,,,,,,,,,,,,,,,
-71.3188166807663,-32.4402431895438,Pullalli,Pueblo,3280.46459,380983.40578,,,,,,,,,,,,,,,,,,,,,,,,,,,,,,,,,,,,,,,
-70.2802341815459,-32.9386104820389,Saladillo,Pueblo,3577.85344,189618.58763,,,,,,,,,,,,,,,,,,,,,,,,,,,,,,,,,,,,,,,
-71.6652822350352,-33.1031003650416,Laguna Verde,Ciudad,5168.27325,723227.67746,,,,,,,,,,,,,,,,,,,,,,,,,,,,,,,,,,,,,,,
-71.6883727381559,-33.4072422617488,El Quisco,Ciudad,26485.77896,11390751.13890,El Quisco,18581,28772,28624,148,27989,492,,32226.50000,233.63189,67138.38960,507.33057,937,428,1858,4397521.38000,3043,333020.81760,1363.65250,1516.13550,2879.78800,12372,825869,77114,249348,181,350,91806.38358,761.99982,174.99917,579.21420,17.16896,134.99876,622.79150,88407,23783,777,,627333.33860
-71.197555664126,-32.7845334692945,La Calera,Ciudad,26878.95498,7123652.19388,,,,,,,,,,,,,,,,,,,,,,,,,,,,,,,,,,,,,,,
-71.6683399925144,-33.368574234308,Algarrobo,Ciudad,24956.00635,4922284.83620,,,,,,,,,,,,,,,,,,,,,,,,,,,,,,,,,,,,,,,
-71.2668742284424,-33.0006443393077,Limache,Ciudad,25781.81761,7272918.14889,Limache,45327,9216,8982,234,7204,1061,,89722.00000,607.59873,31435.92420,1367.60660,909,373,3177,6089036.38000,9801,692774.68150,2654.74480,3219.05040,5873.79520,20374,489147,44027,749328,432,781,216533.10340,647.99988,260.99938,384.56183,34.53402,207.17893,441.66040,,,,,174533.57160
-71.2493321614723,-32.8834492199968,Quillota,Ciudad,19877.04708,6286334.20872,,,,,,,,,,,,,,,,,,,,,,,,,,,,,,,,,,,,,,,
-71.591330431675,-33.0448817918817,Valparaiso,Ciudad,109234.39361,37982006.11710,,,,,,,,,,,,,,,,,,,,,,,,,,,,,,,,,,,,,,,
-71.4306020100434,-33.0509213913403,Quilpue,Ciudad,44206.34421,23086531.15110,,,,,,,,,,,,,,,,,,,,,,,,,,,,,,,,,,,,,,,
-71.3706826816069,-33.0495248447833,Villa Alemana,Ciudad,36848.86881,18005392.30180,,,,,,,,,,,,,,,,,,,,,,,,,,,,,,,,,,,,,,,
-71.4849679240748,-32.74230623893,Las Ventanas (La Greda),Pueblo,3140.61636,397367.04082,,,,,,,,,,,,,,,,,,,,,,,,,,,,,,,,,,,,,,,
-71.4572925034487,-32.5528999479153,Zapallar,Pueblo,5250.72100,1037881.13351,,,,,,,,,,,,,,,,,,,,,,,,,,,,,,,,,,,,,,,
-71.4259821274819,-32.6348968101439,Maitencillo,Pueblo,2886.11440,224742.83873,,,,,,,,,,,,,,,,,,,,,,,,,,,,,,,,,,,,,,,
-70.8509999899169,-32.7817040255073,Panquehue,Pueblo,2320.74153,188844.43911,,,,,,,,,,,,,,,,,,,,,,,,,,,,,,,,,,,,,,,
-71.4491994819285,-32.5821293602784,Cachagua,Pueblo,4358.00455,727432.04375,,,,,,,,,,,,,,,,,,,,,,,,,,,,,,,,,,,,,,,
-71.518958362145,-33.0066880229077,Via del Mar,Ciudad,65719.97943,36872763.13030,,,,,,,,,,,,,,,,,,,,,,,,,,,,,,,,,,,,,,,
-71.6205785719113,-33.6500682906015,Rocas de Santo Domingo,Ciudad,17187.94842,9682428.28328,,,,,,,,,,,,,,,,,,,,,,,,,,,,,,,,,,,,,,,
-71.202552878637,-32.7349694011576,Nogales,Ciudad,8496.91526,1170782.23196,Nogales,8969,3073,3050,23,2380,381,,49755.90000,362.02826,14647.70430,267.90091,114,64,1147,1510348.52000,4744,329872.09590,873.97320,607.88730,1481.86050,8577,209761,11445,194939,123,292,57041.02908,73.99979,39.99942,35.98866,1.89289,35.98866,166.57410,,,,,48202.82387
-71.5326683261647,-32.7840707263633,Quintero,Ciudad,11684.13313,3695513.66903,Quintero,18719,1843,1780,63,1409,265,,23291.40000,316.92841,15501.48540,560.71949,706,183,1371,2757212.76000,4291,392641.07630,1463.12340,1325.49240,2788.61580,8461,301777,49119,146903,153,388,59491.74084,548.99990,157.00098,385.39644,24.68041,117.70415,298.55340,,,,,131510.36980
-70.9657838433677,-32.7766324721426,Catemu,Ciudad,3790.69283,669596.27879,Catemu,6706,1236,1177,59,1015,66,,1211.20000,232.48984,7287.79040,287.01928,221,35,695,700983.04000,1611,114318.51840,329.44640,329.44640,658.89280,4446,92795,8704,156556,73,197,40552.79280,120.99997,99.99909,66.64507,1.93065,73.40478,95.68480,,,,,17868.28533
-71.643952629289,-33.3294282576158,Algarrobo Norte,Pueblo,7895.19798,1119083.96399,,,,,,,,,,,,,,,,,,,,,,,,,,,,,,,,,,,,,,,
-71.1438921005515,-32.8001865881075,Hijuelas,Ciudad,3772.63416,447372.15345,,,,,,,,,,,,,,,,,,,,,,,,,,,,,,,,,,,,,,,
-71.1665630222401,-32.9927855957737,Olmue,Ciudad,15014.38956,5935316.13610,,,,,,,,,,,,,,,,,,,,,,,,,,,,,,,,,,,,,,,
-71.4137737373776,-32.7275372194792,Puchuncavi,Pueblo,3581.60867,453046.90758,,,,,,,,,,,,,,,,,,,,,,,,,,,,,,,,,,,,,,,
-70.6883778069221,-32.8462454575101,Rinconada,Localidad,3348.51711,353787.57773,Rinconada,5727,1197,1176,21,942,116,,4015.20000,203.93890,1677.68440,136.12733,57,27,405,529869.04000,2182,75232.17960,211.46720,262.32640,473.79360,2639,138308,45870,16558,40,156,16668.63436,45.00002,11.99943,19.98097,,11.41789,32.79080,,,,,19351.75294
-71.2041454249393,-32.4387093636467,Valle Hermoso,Pueblo,6230.38339,547751.68663,,,,,,,,,,,,,,,,,,,,,,,,,,,,,,,,,,,,,,,
-71.6500795510671,-33.4551596620832,El Tabo,Ciudad,23806.00535,8057158.65965,,,,,,,,,,,,,,,,,,,,,,,,,,,,,,,,,,,,,,,
-71.6142143707557,-33.503707183324,Las Cruces,Ciudad,16989.94175,4151702.22570,,,,,,,,,,,,,,,,,,,,,,,,,,,,,,,,,,,,,,,
-71.596745914213,-33.5384048435379,Cartagena,Ciudad,25981.42491,6973551.94224,,,,,,,,,,,,,,,,,,,,,,,,,,,,,,,,,,,,,,,
-73.4818133881505,-42.1461098265086,Quemchi,Pueblo,8272.41420,896958.38336,,,,,,,,,,,,,,,,,,,,,,,,,,,,,,,,,,,,,,,
-72.9784580459479,-41.3240720649918,Puerto Varas,Ciudad,13578.82469,3338445.68123,,,,,,,,,,,,,,,,,,,,,,,,,,,,,,,,,,,,,,,
-73.0521895635797,-41.123775379505,Frutillar,Pueblo,18960.02960,3031965.92095,Frutillar,9118,1634,1597,37,1340,122,,304290.00000,368.62560,11218.36500,397.42447,155,76,1010,2784096.22000,3154,289469.31560,490.59000,569.76750,1060.35750,20834,173412,20797,25000,114,259,42894.17775,72.99995,81.99839,39.09195,,74.36786,995.15250,15865,5062,522,63,27194.22680
-73.4202814546565,-41.1523197076986,Fresia,Ciudad,10336.09519,1902824.85746,Fresia,6144,953,928,25,771,51,,5121.60000,421.29629,6820.69080,237.99691,136,60,653,862074.65000,955,96634.14850,222.78960,293.21160,516.00120,7037,103886,13967,,104,110,33812.16300,59.99993,75.99814,30.70527,6.93209,64.37979,777.20280,17567,4628,64,466,17578.87297
-72.8079116996219,-39.8633716301524,Los Lagos,Ciudad,11585.28957,2301392.40339,Los Lagos,9479,1475,1430,45,1186,142,,50420.00000,631.28260,13514.57680,308.55548,295,118,808,1514427.47000,2110,174202.77390,431.59520,520.33440,951.92960,9604,139362,14991,268821,131,310,50921.37648,186.99991,107.99964,82.24712,3.87024,99.66421,601.00640,32702,11005,468,763,23687.71781
-73.227413600899,-39.8259472713735,Valdivia,Ciudad,39647.65947,30136348.16950,Valdivia,127750,17321,16826,495,14377,1663,51561.60000,1405590.00000,1276.27572,80919.81630,4492.49053,2853,2002,7653,40254151.39000,44553,5388092.45400,6592.21710,18075.88740,24668.10450,65656,1343595,168445,2252534,933,2272,517774.37710,2062.00053,790.99577,1264.03303,74.84767,656.49487,6395.43450,199906,68837,5542,9171,341665.58660
-72.4721177575068,-41.9669117669587,Rio Negro,Ciudad,7448.71578,777549.01644,,,,,,,,,,,,,,,,,,,,,,,,,,,,,,,,,,,,,,,
-72.6000501127962,-40.6856779039373,Entre Lagos,Pueblo,7664.60624,1054465.96951,,,,,,,,,,,,,,,,,,,,,,,,,,,,,,,,,,,,,,,
-73.154172573086,-40.9101472241312,Purranque,Ciudad,11649.31796,3924530.74129,Purranque,11618,1943,1896,47,1638,121,,,418.28241,10174.43700,424.55665,157,127,1065,3182217.12000,17629,365104.59490,672.91250,629.43200,1302.34450,3633,141218,14302,152559,168,288,69320.75410,79.99977,76.99775,27.60805,4.92779,70.99123,1544.59300,30259,8752,640,852,36864.46910
-73.1360905367565,-40.5778980382247,Osorno,Ciudad,43305.10998,27418520.00220,Osorno,132245,,,,,,34108.72000,1352917.50000,1989.57429,69391.57500,5250.26549,1935,1469,8774,62537642.55000,46974,4889221.87900,7637.43750,11710.73750,19348.17500,71938,1689662,223391,2929394,1057,2551,426903.66130,1332.99906,601.99010,759.40859,74.01768,467.17841,12074.42500,226030,83257,3922,3023,398570.96100
-73.0760325769763,-40.2990418783101,La Union,Ciudad,14871.68012,5783155.06244,,,,,,,,,,,,,,,,,,,,,,,,,,,,,,,,,,,,,,,
-72.3874286378945,-40.1266473574454,Futrono,Pueblo,9699.11427,2019911.24892,Futrono,6603,1208,1160,48,956,102,,19475.30000,423.48950,8936.16650,243.77143,189,75,576,1041943.37000,1400,167829.78430,289.13330,402.98890,692.12220,7012,104559,12361,294177,88,201,49292.73335,109.99994,78.99931,43.61568,2.90781,71.72453,1712.32830,16371,6720,183,,14279.20947
-72.9520094603659,-40.3358325439119,Rio Bueno,Ciudad,9963.63683,2990096.38688,,,,,,,,,,,,,,,,,,,,,,,,,,,,,,,,,,,,,,,
-72.963644391383,-39.538022490956,San Jose de La Mariquina,Ciudad,7111.04074,1705614.74756,,,,,,,,,,,,,,,,,,,,,,,,,,,,,,,,,,,,,,,
-72.9508144040267,-39.6615686047059,Mafil,Pueblo,7404.59260,1565737.09061,,,,,,,,,,,,,,,,,,,,,,,,,,,,,,,,,,,,,,,
-72.508572533526,-39.5427363995191,Malalhue,Pueblo,4522.77886,1252962.87858,,,,,,,,,,,,,,,,,,,,,,,,,,,,,,,,,,,,,,,
-73.3958757845269,-39.8684950337329,Niebla,Pueblo,7218.44009,945267.63644,,,,,,,,,,,,,,,,,,,,,,,,,,,,,,,,,,,,,,,
-73.7387955190612,-40.600237128932,Muicolpue,Pueblo,7437.26118,693142.26323,,,,,,,,,,,,,,,,,,,,,,,,,,,,,,,,,,,,,,,
-73.8154326514332,-41.8713387623994,Ancud,Ciudad,14740.32641,5755670.88870,Ancud,27292,4533,4447,86,3637,497,,119838.00000,589.92253,18115.51100,309.70933,458,356,2708,8970717.72000,10416,837877.11620,978.67700,1813.54840,2792.22540,17317,240368,67360,470216,243,590,109687.72140,260.99957,197.00169,117.68491,10.69754,174.09266,2588.50080,46524,11988,741,2466,87265.97534
-72.9513913671641,-41.4662295880627,Puerto Montt,Ciudad,33644.09325,22152181.30060,,,,,,,,,,,,,,,,,,,,,,,,,,,,,,,,,,,,,,,
-73.7754800383358,-42.4763440226343,Castro,Ciudad,18602.17904,5761010.90354,Castro,29148,5241,5154,87,4129,555,,,852.84471,26528.74740,480.69429,543,367,2591,9860524.87000,11504,751173.46010,1417.17600,2554.85340,3972.02940,12011,301044,52617,826028,275,776,141550.29450,378.99971,163.99876,210.46638,8.23537,136.34808,2905.21080,55930,17063,1609,2866,75008.95550
-71.6077099572672,-33.5977625508215,San Antonio,Ciudad,31977.14425,12043384.72550,,,,,,,,,,,,,,,,,,,,,,,,,,,,,,,,,,,,,,,
-71.2734458424192,-32.9354712055674,San Pedro,Pueblo,3470.56732,592937.87196,,,,,,,,,,,,,,,,,,,,,,,,,,,,,,,,,,,,,,,
-71.4252211814327,-32.6298695338526,Laguna de Zapallar,Pueblo,2828.63589,376342.10219,,,,,,,,,,,,,,,,,,,,,,,,,,,,,,,,,,,,,,,
-71.0687827035762,-32.4298492310612,Cabildo,Ciudad,7332.12225,1517413.05168,Cabildo,11287,2249,2213,36,1896,142,,18916.00000,472.73354,8283.31640,248.84168,205,54,1402,2569610.74000,5045,350625.55760,618.55320,520.19000,1138.74320,7002,170220,29844,225021,134,260,51387.20560,135.00009,70.00055,99.05553,3.84562,59.62702,151.32800,,,,,25885.99237
-70.7091992052056,-33.9776725957922,San Francisco de Mostazal,Ciudad,11917.75865,2170238.15190,San Francisco de Mostazal,12037,2559,2406,153,2112,75,,34985.60000,735.42136,14324.41660,354.48962,257,114,893,8190751.80000,10982,650048.54630,815.60180,660.35320,1475.95500,6429,159252,39271,190085,117,321,68694.22560,164.99996,91.99901,112.78920,9.55763,75.50986,275.51160,22195,7616,232,,40207.97605
-70.6596109852874,-34.0372369007887,Codegua,Pueblo,13836.93452,3160246.29872,Codegua,5113,2989,2934,55,1566,1296,,,,9828.67840,258.16907,256,51,487,1805162.43000,3613,154854.66270,296.89000,264.50200,561.39200,2596,77725,10406,35324,65,159,31032.88608,168.99994,86.99957,115.24622,7.61874,74.28944,186.77080,15738,6642,525,,14807.53364
-71.8755738876312,-33.9849512572633,La Vega de Pupuya,Pueblo,1693.52889,152561.46979,,,,,,,,,,,,,,,,,,,,,,,,,,,,,,,,,,,,,,,
-71.3851322368443,-34.2558161272555,El Carmen,Aldea,1741.09795,204818.72590,,,,,,,,,,,,,,,,,,,,,,,,,,,,,,,,,,,,,,,
-70.9706503735832,-34.5617444972079,El Trapiche,Aldea,2951.39742,379136.88634,,,,,,,,,,,,,,,,,,,,,,,,,,,,,,,,,,,,,,,
-71.7347548769754,-34.3544784104027,Rinconada de Alcones,Aldea,2608.10007,156727.22164,,,,,,,,,,,,,,,,,,,,,,,,,,,,,,,,,,,,,,,
-70.8991552331188,-34.3384134459283,Esmeralda,Aldea,1267.31700,86713.08397,,,,,,,,,,,,,,,,,,,,,,,,,,,,,,,,,,,,,,,
-70.6831466678025,-34.0800151263491,La Compaia,Aldea,3183.67510,327503.55833,,,,,,,,,,,,,,,,,,,,,,,,,,,,,,,,,,,,,,,
-71.0809878734941,-34.2906506783483,Coltauco,Pueblo,7106.14132,877958.93472,,,,,,,,,,,,,,,,,,,,,,,,,,,,,,,,,,,,,,,
-71.0636406304142,-34.2828099059071,El Almendro Centro,Aldea,2737.24181,208548.10048,,,,,,,,,,,,,,,,,,,,,,,,,,,,,,,,,,,,,,,
-72.1820894048371,-34.9463377401066,Iloca,Pueblo,11955.90575,1368373.73692,,,,,,,,,,,,,,,,,,,,,,,,,,,,,,,,,,,,,,,
-72.5338489402676,-35.7363810730499,Chanco,Pueblo,4053.94347,708228.00046,,,,,,,,,,,,,,,,,,,,,,,,,,,,,,,,,,,,,,,
-71.7970963516084,-35.3925321710792,Pencahue,Pueblo,3333.99212,335185.63638,,,,,,,,,,,,,,,,,,,,,,,,,,,,,,,,,,,,,,,
-71.2574517808078,-35.2816669782472,Curepto,Pueblo,7823.34821,855371.14106,,,,,,,,,,,,,,,,,,,,,,,,,,,,,,,,,,,,,,,
-72.2796863780158,-35.4506885566741,Santa Olga,Pueblo,5457.79219,804615.57000,,,,,,,,,,,,,,,,,,,,,,,,,,,,,,,,,,,,,,,
-71.5847233951497,-35.7493297007412,Yerbas Buenas,Pueblo,5735.70718,777991.97466,,,,,,,,,,,,,,,,,,,,,,,,,,,,,,,,,,,,,,,
-71.7621592855785,-36.0544566006443,Retiro,Pueblo,6156.66646,1074417.73501,,,,,,,,,,,,,,,,,,,,,,,,,,,,,,,,,,,,,,,
-71.116587756663,-34.6368566350119,Placilla,Pueblo,6215.01971,454201.53380,,,,,,,,,,,,,,,,,,,,,,,,,,,,,,,,,,,,,,,
-70.7871425379075,-34.2252746876734,Los Lirios,Pueblo,4786.51983,719884.92895,,,,,,,,,,,,,,,,,,,,,,,,,,,,,,,,,,,,,,,
-70.7636013023183,-34.2071035398441,Gultro,Ciudad,13457.49746,2950077.59833,,,,,,,,,,,,,,,,,,,,,,,,,,,,,,,,,,,,,,,
-71.6452107956014,-34.727807963623,Lolol,Pueblo,4902.64741,462464.98501,,,,,,,,,,,,,,,,,,,,,,,,,,,,,,,,,,,,,,,
-71.9010414714812,-34.6485466167232,Paredones,Pueblo,7885.22434,486320.71774,,,,,,,,,,,,,,,,,,,,,,,,,,,,,,,,,,,,,,,
-70.6458395048223,-34.0048078695779,La Punta,Pueblo,3928.62026,292189.80135,,,,,,,,,,,,,,,,,,,,,,,,,,,,,,,,,,,,,,,
-70.8689334031816,-34.6885319818894,Puente Negro,Aldea,9219.46298,772420.00199,,,,,,,,,,,,,,,,,,,,,,,,,,,,,,,,,,,,,,,
-70.9664960260655,-34.2760558713914,Coinco,Pueblo,18611.70256,2226377.95607,,,,,,,,,,,,,,,,,,,,,,,,,,,,,,,,,,,,,,,
-70.523100254674,-34.2025377930506,Coya,Ciudad,6143.46622,861249.47340,,,,,,,,,,,,,,,,,,,,,,,,,,,,,,,,,,,,,,,
-71.379826430833,-34.2596503769467,Santa Julia,Aldea,1935.36007,190962.63798,,,,,,,,,,,,,,,,,,,,,,,,,,,,,,,,,,,,,,,
-70.9868895199342,-34.5865979466933,San Fernando,Ciudad,31103.55429,8335864.39891,San Fernando,49519,7603,7549,54,6503,551,17192.65000,82851.60000,1040.98574,,1536.69324,1168,670,4469,20333657.78000,27183,1884558.75400,2810.58120,4040.60880,6851.19000,25000,,,,404,1097,206824.36100,880.99994,286.99157,406.41896,37.46804,229.63277,656.43960,92327,13734,827,2585,154020.83480
-70.8379122206767,-34.3445215457611,Rosario,Localidad,10992.24452,1744050.05173,,,,,,,,,,,,,,,,,,,,,,,,,,,,,,,,,,,,,,,
-70.8210631006492,-34.2837414770739,Requinoa,Ciudad,14074.05408,2112130.01014,,,,,,,,,,,,,,,,,,,,,,,,,,,,,,,,,,,,,,,
-70.8560953847184,-34.4051048780905,Rengo,Ciudad,16965.07837,5877057.76267,Rengo,30891,5534,5376,158,4457,524,,55913.00000,1285.63048,20326.91700,1325.39225,920,240,2524,6487228.82000,15405,868462.41980,2200.93900,2007.78500,4208.72400,14754,483644,55172,472744,306,805,181089.49950,598.00021,321.99788,287.88587,53.02586,244.32964,864.11000,77949,12153,1497,274,111370.51310
-70.7330566397208,-34.1667885241203,Rancagua,Ciudad,55707.69184,32425446.12770,,,,,,,,,,,,,,,,,,,,,,,,,,,,,,,,,,,,,,,
-72.0106855774126,-34.3934979354596,Pichilemu,Ciudad,22449.03101,4663758.26799,Pichilemu,9027,2514,2424,90,2096,75,,23544.80000,387.71817,11185.01920,341.22611,249,103,939,1252880.76000,1466,144670.86650,428.76320,462.22160,890.98480,3612,353121,50563,402851,75,151,38625.36832,172.99988,75.99890,105.27252,3.79195,67.33689,131.35520,29992,6403,936,667,92769.16166
-71.1618698510566,-34.8688246649673,Teno,Ciudad,4871.65353,741392.66923,Teno,6729,4425,3888,537,2945,125,,33274.80000,1485.52299,12705.85440,481.91918,255,29,1802,7139610.94000,8198,537253.64650,504.24120,414.65520,918.89640,13052,276249,15223,199362,128,338,84836.40624,165.99979,88.99729,93.92196,2.90259,78.43126,102.38400,26652,7066,351,285,15984.71413
-71.2712257550438,-35.0570492508743,Lontue,Ciudad,11073.30662,1203707.58767,,,,,,,,,,,,,,,,,,,,,,,,,,,,,,,,,,,,,,,
-71.2856412573621,-35.1117635257674,Molina,Ciudad,14360.40103,2935171.29459,Molina,27203,3855,3678,177,3139,126,,84746.20000,885.45911,22946.95970,989.01281,598,94,2082,4667898.25000,9099,616199.36560,1336.67870,1282.74930,2619.42800,12598,432645,18936,745606,336,573,106839.91960,412.99982,184.99710,206.99645,16.44076,159.59636,389.06210,,9786,971,1190,78097.26599
-71.8004265312233,-34.9755722006691,Hualane,Pueblo,6237.41531,1381641.06827,,,,,,,,,,,,,,,,,,,,,,,,,,,,,,,,,,,,,,,
-71.1980335252799,-34.9386987391976,Sarmiento,Pueblo,8158.49908,1715178.88716,,,,,,,,,,,,,,,,,,,,,,,,,,,,,,,,,,,,,,,
-72.5758695579939,-35.8117831215412,Pelluhue,Pueblo,12450.04108,2365773.41397,,,,,,,,,,,,,,,,,,,,,,,,,,,,,,,,,,,,,,,
-72.2788725175394,-35.5919111029764,Empedrado,Pueblo,5855.43890,851168.69353,,,,,,,,,,,,,,,,,,,,,,,,,,,,,,,,,,,,,,,
-72.5172972611945,-35.4960363482231,Los Pellines,Pueblo,12002.94295,2246935.18324,,,,,,,,,,,,,,,,,,,,,,,,,,,,,,,,,,,,,,,
-72.4116546148927,-35.3339802962072,Constitucion,Ciudad,13438.06857,4383235.00219,,,,,,,,,,,,,,,,,,,,,,,,,,,,,,,,,,,,,,,
-71.3815102542575,-34.9991222807988,Sagrada Familia,Pueblo,5393.69405,775804.32305,,,,,,,,,,,,,,,,,,,,,,,,,,,,,,,,,,,,,,,
-71.592616743937,-35.3705990107393,Panguilemo,Pueblo,8285.74590,1043757.99310,,,,,,,,,,,,,,,,,,,,,,,,,,,,,,,,,,,,,,,
-71.6802997623715,-35.6932484210969,Estacion Villa Alegre,Pueblo,5081.83371,905006.60668,,,,,,,,,,,,,,,,,,,,,,,,,,,,,,,,,,,,,,,
-71.7434831507967,-35.6746776645905,Villa Alegre,Pueblo,3622.09547,648702.20402,Villa Alegre,5456,1526,1493,33,1317,59,,22087.50000,339.87509,7640.80250,440.82306,252,39,909,1786894.64000,5081,320366.95700,368.12500,388.74000,756.86500,6958,175604,17893,154345,105,179,41725.05450,173.00005,78.99962,77.15164,6.92370,69.23695,95.71250,,,,,25478.20023
-71.6852448375824,-35.9660885183718,Longavi,Ciudad,7754.43345,1850244.04895,,,,,,,,,,,,,,,,,,,,,,,,,,,,,,,,,,,,,,,
-71.6103017586572,-35.0919995289798,Villa Prat,Pueblo,8263.78403,784278.30397,,,,,,,,,,,,,,,,,,,,,,,,,,,,,,,,,,,,,,,
-71.5951510999535,-35.8449646941553,Linares,Ciudad,21295.87808,10201795.31980,Linares,65133,11690,11361,329,9298,1047,23103.87000,224772.30000,1178.44870,32708.53210,2784.04719,2488,268,5482,12967679.06000,23169,1295376.07300,3013.61380,4811.79220,7825.40600,26997,860223,41526,1279939,625,1376,235282.48630,1665.99897,821.99230,633.00042,167.43871,592.34161,740.91610,167627,60865,4333,7824,219007.94730
-71.6562105506062,-35.4316825492175,Talca,Ciudad,37312.11765,30868855.97010,Talca,210339,35117,34552,565,30493,2072,83857.35000,782185.90000,4710.19619,117083.42570,6145.98152,6613,1667,16573,49719830.36000,72144,7392235.20200,11992.54820,20109.11490,32101.66310,103970,2367496,431863,4714578,1641,4332,705677.75060,5012.99859,1549.98614,3107.72372,311.86012,1007.73453,2243.15280,442723,154949,9226,11870,705096.52080
-71.3182372826752,-34.9255648117162,Rauco,Pueblo,4988.45586,768154.81905,,,,,,,,,,,,,,,,,,,,,,,,,,,,,,,,,,,,,,,
-71.4439737140628,-35.3849702187245,Pelarco,Pueblo,4661.56714,586851.99766,,,,,,,,,,,,,,,,,,,,,,,,,,,,,,,,,,,,,,,
-71.8267143983547,-36.1424778148191,Parral,Ciudad,15763.41524,4698297.56857,Parral,26397,5218,5039,179,4386,229,,3316989.40000,858.65585,17598.57660,703.60267,597,118,3331,4813441.09000,6567,482905.18110,1369.15640,1323.77000,2692.92640,11366,336068,19009,477209,302,563,107338.83600,344.00017,252.99514,125.14165,27.59115,211.85993,298.79380,71762,20072,1323,2719,97837.89652
-71.9850064721107,-34.9836655209516,Licanten,Pueblo,4757.78964,972720.09418,,,,,,,,,,,,,,,,,,,,,,,,,,,,,,,,,,,,,,,
-71.2345183820199,-34.9826639695059,Curico,Ciudad,24273.75314,15240088.34710,,,,,,,,,,,,,,,,,,,,,,,,,,,,,,,,,,,,,,,
-72.3223839479109,-35.9696758338249,Cauquenes,Ciudad,17713.65354,5576394.11577,Cauquenes,30771,6068,5974,94,4750,620,,65947.20000,1746.28186,22001.63460,694.41989,679,119,2899,3193830.85000,6712,482564.17550,927.38250,1541.51580,2468.89830,12805,354192,104380,593486,331,538,122270.23050,352.00019,326.99919,153.22420,25.53805,281.90367,280.27560,72151,27644,1857,1905,87666.18793
-70.885103215011,-33.285303666873,Lampa,Ciudad,5816.15768,829864.65694,,,,,,,,,,,,,,,,,,,,,,,,,,,,,,,,,,,,,,,
-70.6739887129674,-33.2008916161731,Colina,Ciudad,11433.10868,3600986.04617,,,,,,,,,,,,,,,,,,,,,,,,,,,,,,,,,,,,,,,
-70.3529009131567,-33.6389047791044,San Jose de Maipo,Pueblo,5891.21843,823978.44976,,,,,,,,,,,,,,,,,,,,,,,,,,,,,,,,,,,,,,,
-71.2136666097563,-33.6861582211752,Melipilla,Ciudad,18590.65526,6192169.68722,Melipilla,53522,12085,11499,586,9458,1103,,141810.00000,1414.31840,37579.65000,1622.93036,1569,536,6152,34977309.81000,26841,2578153.83700,4415.01800,4415.01800,8830.03600,39508,757005,120141,1143752,649,1786,292162.63440,1015.99869,553.00228,564.46998,102.53808,397.71087,1058.84800,148905,51172,3744,3157,197660.60490
-71.5210092216172,-35.3078317942473,San Rafael,Pueblo,8598.82503,1459166.71444,,,,,,,,,,,,,,,,,,,,,,,,,,,,,,,,,,,,,,,
-71.4918696611196,-35.5332158559636,San Clemente,Ciudad,13943.34680,2523693.18469,,,,,,,,,,,,,,,,,,,,,,,,,,,,,,,,,,,,,,,
-71.1234193952292,-34.9578053244485,Romeral,Ciudad,6938.59783,678740.35013,,,,,,,,,,,,,,,,,,,,,,,,,,,,,,,,,,,,,,,
-71.21354338785,-35.1167946989254,Pichingal,Pueblo,4139.07662,385253.49023,,,,,,,,,,,,,,,,,,,,,,,,,,,,,,,,,,,,,,,
-71.6878122450072,-35.5192750190105,Maule,Pueblo,4042.44034,582709.89705,,,,,,,,,,,,,,,,,,,,,,,,,,,,,,,,,,,,,,,
-72.0209205371513,-35.0949933878061,Curepto,Pueblo,8037.02289,1101675.86298,,,,,,,,,,,,,,,,,,,,,,,,,,,,,,,,,,,,,,,
-70.8004194088903,-33.1375697075282,Huertos Familiares,Pueblo,7618.82592,2574407.54566,,,,,,,,,,,,,,,,,,,,,,,,,,,,,,,,,,,,,,,
-71.1216526145544,-33.5163901678822,Maria Pinto,Pueblo,2814.68422,288999.09648,,,,,,,,,,,,,,,,,,,,,,,,,,,,,,,,,,,,,,,
-70.877278895992,-33.6062055287813,Peaflor,Ciudad,15964.69993,7294485.06470,,,,,,,,,,,,,,,,,,,,,,,,,,,,,,,,,,,,,,,
-70.6539804340975,-33.1843015812636,Esmeralda,Pueblo,2468.90136,275114.40254,,,,,,,,,,,,,,,,,,,,,,,,,,,,,,,,,,,,,,,
-70.9893592335865,-33.6791671578107,El Monte,Ciudad,7863.81050,2322335.65286,El Monte,22284,3979,3681,298,2765,343,,42334.40000,407.06113,20368.13820,959.50124,519,129,1111,5633676.37000,4310,442041.00900,963.10760,1034.54690,1997.65450,12621,170150,23423,69431,185,539,95766.76296,379.99966,138.99971,253.34492,22.77062,102.47571,470.97020,27788,10929,657,,23336.81834
-71.1511663669893,-33.6514594781248,Pomaire,Pueblo,4460.20492,693349.91798,,,,,,,,,,,,,,,,,,,,,,,,,,,,,,,,,,,,,,,
-70.8587430832418,-33.7368657653545,La Islita,Pueblo,3993.04151,472076.45822,,,,,,,,,,,,,,,,,,,,,,,,,,,,,,,,,,,,,,,
-70.8098764025324,-33.2315862874238,Batuco,Pueblo,6509.84825,1709109.42893,,,,,,,,,,,,,,,,,,,,,,,,,,,,,,,,,,,,,,,
-70.7462124003646,-33.6680949203882,Lo Herrera,Pueblo,3575.72696,467489.80602,,,,,,,,,,,,,,,,,,,,,,,,,,,,,,,,,,,,,,,
-70.7628082326553,-33.852622073386,Champa,Pueblo,2013.99858,172013.57483,,,,,,,,,,,,,,,,,,,,,,,,,,,,,,,,,,,,,,,
-70.6426493150485,-33.8321118019001,Huelquen,Pueblo,5956.74927,729561.70082,,,,,,,,,,,,,,,,,,,,,,,,,,,,,,,,,,,,,,,
-70.6621456451764,-33.7765671798707,El Transito,Pueblo,2412.94750,235044.11469,,,,,,,,,,,,,,,,,,,,,,,,,,,,,,,,,,,,,,,
-70.7945254484369,-33.7788818005738,Viluco,Pueblo,2737.88118,205450.61148,,,,,,,,,,,,,,,,,,,,,,,,,,,,,,,,,,,,,,,
-70.316106800567,-33.7308485541279,San Alfonso,Pueblo,3861.53836,475610.86396,,,,,,,,,,,,,,,,,,,,,,,,,,,,,,,,,,,,,,,
-70.9286723760633,-33.0837207981505,Tiltil,Pueblo,4271.30746,469578.96479,Tiltil,5168,1838,1696,142,1494,60,,5902.00000,250.33599,11508.90000,239.88354,164,33,613,3466437.85000,2361,294326.76130,571.01850,445.60100,1016.61950,6672,277497,20037,,77,220,51362.00745,92.99988,70.99811,60.49107,3.84073,58.56850,275.91850,24849,7684,235,111,32450.80376
-70.7689388803402,-33.2945704158494,Estacion Colina,Pueblo,2834.57305,331168.71506,,,,,,,,,,,,,,,,,,,,,,,,,,,,,,,,,,,,,,,
-70.5767671018276,-33.6363621645501,Pirque,Pueblo,2408.68324,168518.99984,,,,,,,,,,,,,,,,,,,,,,,,,,,,,,,,,,,,,,,
-70.7687696904881,-33.6297565835857,Bajos de San Agustin,Pueblo,5940.20886,866218.23048,,,,,,,,,,,,,,,,,,,,,,,,,,,,,,,,,,,,,,,
-71.4183798274109,-35.7602710348342,Panimavida,Pueblo,4164.70214,667340.89865,,,,,,,,,,,,,,,,,,,,,,,,,,,,,,,,,,,,,,,
-71.404705742752,-35.6984632253988,Colbun,Pueblo,7523.45888,953309.82868,,,,,,,,,,,,,,,,,,,,,,,,,,,,,,,,,,,,,,,
-71.7315432209741,-35.5952772881623,San Javier,Ciudad,10858.60852,3100980.65181,San Javier,20524,5002,4874,128,4019,310,,22675.80000,842.93507,18386.29450,1093.18142,819,174,2430,4567518.74000,7577,559099.79050,1156.46580,1390.78240,2547.24820,18828,398561,18327,734811,265,614,111132.58410,605.99979,213.00135,247.82760,14.57676,189.50922,230.53730,55114,25274,464,,75991.20544
-71.487327593865,-32.716126534048,Las Ventanas (Horcon),Pueblo,6298.07427,796821.32208,,,,,,,,,,,,,,,,,,,,,,,,,,,,,,,,,,,,,,,
-71.0191595615854,-34.3540752488925,Guacarhue,Aldea,2578.61672,174731.53078,,,,,,,,,,,,,,,,,,,,,,,,,,,,,,,,,,,,,,,
-70.8548269621825,-34.2735395132992,El Abra,Aldea,3534.36785,506742.36368,,,,,,,,,,,,,,,,,,,,,,,,,,,,,,,,,,,,,,,
-71.2870675087347,-34.6519560004821,Cunaco,Pueblo,3189.88741,269334.45618,,,,,,,,,,,,,,,,,,,,,,,,,,,,,,,,,,,,,,,
-71.8466007963296,-33.9239412542934,La Boca,Pueblo,2113.76535,160365.31263,,,,,,,,,,,,,,,,,,,,,,,,,,,,,,,,,,,,,,,
-71.653144211462,-34.2081810536125,La Estrella,Aldea,2338.22302,229783.16022,,,,,,,,,,,,,,,,,,,,,,,,,,,,,,,,,,,,,,,
-70.9454121753726,-34.4422475662728,Malloa,Pueblo,4661.13978,455692.71980,,,,,,,,,,,,,,,,,,,,,,,,,,,,,,,,,,,,,,,
-71.8716813099675,-33.9611948073804,Matanzas,Caserio,3227.81954,111666.95377,,,,,,,,,,,,,,,,,,,,,,,,,,,,,,,,,,,,,,,
-71.831946559836,-33.9532981792978,Navidad,Aldea,1481.43498,77245.45291,,,,,,,,,,,,,,,,,,,,,,,,,,,,,,,,,,,,,,,
-70.8948374056364,-34.4632749909224,Pelequen,Pueblo,7185.58108,802128.97224,,,,,,,,,,,,,,,,,,,,,,,,,,,,,,,,,,,,,,,
-70.9680129051155,-34.3564501652663,Quinta de Tilcoco,Ciudad,9070.97097,857299.26019,Quinta de Tilcoco,5850,1642,1589,53,1202,150,,,,6295.41600,268.80698,96,33,769,1353139.30000,2114,128380.14980,282.22400,220.77200,502.99600,2576,168138,13305,60350,69,141,38646.48000,52.00000,43.99849,25.26246,4.85698,36.92127,209.39200,,,,,11380.38603
-70.8161882257675,-34.3009049774209,Santa Amalia,Aldea,1332.43944,85148.10449,,,,,,,,,,,,,,,,,,,,,,,,,,,,,,,,,,,,,,,
-71.6191627192702,-34.3977558508919,Marchihue,Pueblo,5662.77236,970654.02578,,,,,,,,,,,,,,,,,,,,,,,,,,,,,,,,,,,,,,,
-72.0456962619254,-34.4277467334255,Bellavista,Aldea,2033.76609,203433.21474,,,,,,,,,,,,,,,,,,,,,,,,,,,,,,,,,,,,,,,
-71.1710375919902,-34.3914288461717,Peumo,Ciudad,9282.92056,1155456.80553,Peumo,7392,1588,1520,68,1087,170,,,,8483.17360,96.85296,166,52,783,1721515.25000,4700,259431.93520,481.20600,359.85840,841.06440,3710,71989,21392,199570,100,190,54210.71524,113.00000,52.99961,31.78331,2.88863,46.22925,184.11360,31618,6991,363,898,15960.78063
-71.3061938700215,-34.2901815150788,Las Cabras,Pueblo,7733.51079,1449707.93469,Las Cabras,6426,3069,2990,79,2775,100,,78943.80000,,13137.05800,258.91137,180,66,1391,6906898.91000,3719,214118.47420,510.09840,421.03360,931.13200,5683,169958,20261,127193,130,303,51213.87936,89.00003,90.99994,52.48953,5.72444,78.25962,206.46840,18949,5507,516,,22541.74417
-71.4932199821418,-32.7239303047445,Las Ventanas (La Chocota),Pueblo,2350.23893,198231.02949,,,,,,,,,,,,,,,,,,,,,,,,,,,,,,,,,,,,,,,
-71.2825272722998,-32.4481413913186,Placilla,Pueblo,4118.83692,273634.16208,,,,,,,,,,,,,,,,,,,,,,,,,,,,,,,,,,,,,,,
-71.504475426116,-32.7909326718712,Quintero,Ciudad,6172.60802,1829749.54683,Quintero,18719,1843,1780,63,1409,265,,23291.40000,316.92841,15501.48540,560.71949,706,183,1371,2757212.76000,4291,392641.07630,1463.12340,1325.49240,2788.61580,8461,301777,49119,146903,153,388,59491.74084,548.99990,157.00098,385.39644,24.68041,117.70415,298.55340,,,,,131510.36980
-71.4372011624613,-32.6644638201916,Maitencillo,Pueblo,8046.35687,1460300.85370,,,,,,,,,,,,,,,,,,,,,,,,,,,,,,,,,,,,,,,
-71.4441573261877,-32.5068878888981,Papudo,Pueblo,6522.05030,886772.51181,,,,,,,,,,,,,,,,,,,,,,,,,,,,,,,,,,,,,,,
-70.6033677857573,-32.8509633927701,Seor Pobre Bejares,Ciudad,2063.85866,183976.83707,,,,,,,,,,,,,,,,,,,,,,,,,,,,,,,,,,,,,,,
-70.6023653308061,-32.8357846143559,Los Andes,Ciudad,23484.12176,6457024.85479,Los Andes,63150,11074,10785,289,9232,1005,19350.61000,138195.60000,801.61556,43907.32800,2197.23121,1789,768,4669,19427986.28000,26232,1970272.62400,4751.23980,5009.54940,9760.78920,30277,561209,177312,386977,505,1253,241895.27250,1429.99927,358.99879,975.29783,16.95778,311.08604,655.28220,96385,16447,3222,5532,182339.67020
-71.5216305637017,-32.9316725492953,Concon,Ciudad,21653.72969,8160550.74714,,,,,,,,,,,,,,,,,,,,,,,,,,,,,,,,,,,,,,,
-72.0113860518504,-34.4817546103451,Cahuil,Aldea,2874.07269,265665.67193,,,,,,,,,,,,,,,,,,,,,,,,,,,,,,,,,,,,,,,
-71.0392438830389,-34.7065726938976,Chimbarongo,Ciudad,10704.96716,1895744.40287,Chimbarongo,13795,3059,2933,126,2406,169,,,1139.54069,12716.34600,736.72078,347,137,2315,3387342.29000,10336,453999.10880,698.02560,717.41520,1415.44080,8389,212520,19601,274857,189,432,97557.80292,203.99960,142.99830,122.86543,10.63843,125.76741,248.83320,32941,6994,349,224,29413.67732
-70.9235001269786,-34.2511989650422,Copequen,Aldea,6005.93376,535482.60856,,,,,,,,,,,,,,,,,,,,,,,,,,,,,,,,,,,,,,,
-70.7286601893709,-34.0693720665937,Graneros,Ciudad,12235.46539,3406481.93685,Graneros,21615,3075,2933,142,2331,328,,51922.00000,442.64803,13312.80080,520.35735,460,179,1192,4764596.99000,10387,486666.06400,1165.64890,1061.80490,2227.45380,7454,,,,146,462,76192.93890,318.99994,140.99938,165.20542,16.13995,112.03470,643.83280,47387,11580,1704,417,53648.91206
-70.6467216275003,-34.176884489963,Machali,Ciudad,13497.74342,3398234.13290,,,,,,,,,,,,,,,,,,,,,,,,,,,,,,,,,,,,,,,
-71.7295125104966,-34.3952575633211,Alcones,Aldea,3911.55944,249417.95701,,,,,,,,,,,,,,,,,,,,,,,,,,,,,,,,,,,,,,,
-71.5486822683427,-34.4534016338453,Poblacion,Pueblo,6156.15309,528461.00589,,,,,,,,,,,,,,,,,,,,,,,,,,,,,,,,,,,,,,,
-71.3731708536791,-34.5230036481571,San Jose del Carmen,Aldea,2825.42284,230935.82307,,,,,,,,,,,,,,,,,,,,,,,,,,,,,,,,,,,,,,,
-71.479253187198,-34.4782462952356,Peralillo,Pueblo,5373.38478,1016449.35850,,,,,,,,,,,,,,,,,,,,,,,,,,,,,,,,,,,,,,,
-71.6506286472013,-34.6018873619499,Pumanque,Aldea,5574.04515,501600.51231,,,,,,,,,,,,,,,,,,,,,,,,,,,,,,,,,,,,,,,
-71.7374822838806,-33.9445462003681,Rapel,Aldea,3059.42467,441303.77418,,,,,,,,,,,,,,,,,,,,,,,,,,,,,,,,,,,,,,,
-71.0762032658177,-34.4387939753819,San Vicente de Tagua Tagua,Ciudad,12818.00293,2109110.52526,San Vicente de Tagua Tagua,18914,6203,6039,164,4975,426,,52328.90000,856.63617,20078.19640,609.80880,527,181,3232,4182031.53000,9880,567563.60500,1525.58870,1525.58870,3051.17740,11240,341302,50899,299355,271,591,147949.49900,380.99988,145.99763,152.70781,9.54399,126.93784,523.28900,61087,12708,1246,1583,52831.75291
-71.362558561316,-34.5934193219277,Palmilla,Ciudad,5840.86286,614194.15214,,,,,,,,,,,,,,,,,,,,,,,,,,,,,,,,,,,,,,,
-70.8190168445394,-34.210548398968,Olivar Alto,Pueblo,15945.56171,1241681.99510,,,,,,,,,,,,,,,,,,,,,,,,,,,,,,,,,,,,,,,
-71.3630491513067,-34.6362623695848,Santa Cruz,Ciudad,17546.45863,2647975.34519,Santa Cruz,20691,6587,6369,218,5313,545,,97161.00000,817.51265,17395.05770,934.30018,457,301,3550,7019433.44000,13583,810938.85790,1233.94470,1376.44750,2610.39220,11670,385643,33994,520048,285,606,117224.74650,250.99957,165.99633,79.70765,6.72354,151.73309,459.89540,58909,13421,2872,2277,59153.58682
-71.200244203566,-34.6507099042801,Nancagua,Ciudad,8458.20469,1779952.20028,Nancagua,6846,3969,3870,99,3386,164,,,560.22407,10429.44140,282.83157,225,77,1003,1869888.36000,7045,287901.28410,397.10360,403.35720,800.46080,4174,278734,18531,174732,100,234,49627.94424,133.99980,90.99770,50.01629,3.84596,81.75800,100.05760,29439,5558,290,,25578.57528
-70.9651809566776,-34.2261316626931,Doihue,Ciudad,9509.20468,1586314.49745,,,,,,,,,,,,,,,,,,,,,,,,,,,,,,,,,,,,,,,
-70.8889841628894,-34.2023505654695,Lo Miranda,Ciudad,11101.45134,1242838.22425,,,,,,,,,,,,,,,,,,,,,,,,,,,,,,,,,,,,,,,
-71.2815778686464,-34.357313487758,Pichidegua,Pueblo,13138.60200,1702118.22695,,,,,,,,,,,,,,,,,,,,,,,,,,,,,,,,,,,,,,,
-71.2750580615463,-34.7294201855284,Chepica,Pueblo,9452.30523,1563998.81456,,,,,,,,,,,,,,,,,,,,,,,,,,,,,,,,,,,,,,,
-71.7265948329569,-34.1151023207167,Litueche,Pueblo,4760.56403,508214.49772,,,,,,,,,,,,,,,,,,,,,,,,,,,,,,,,,,,,,,,
-72.0403240113259,-34.642181081038,Bucalemu,Pueblo,3398.54299,149894.60847,,,,,,,,,,,,,,,,,,,,,,,,,,,,,,,,,,,,,,,
-71.7419517648921,-34.6609420068895,Nilahue Cornejo,Aldea,2900.54034,261246.66022,,,,,,,,,,,,,,,,,,,,,,,,,,,,,,,,,,,,,,,
-70.9289764933399,-33.663513002713,Talagante,Ciudad,18583.86225,5116672.97152,Talagante,49957,6680,6538,142,5528,748,,149512.50000,759.68438,23114.63250,1662.53116,1196,374,2889,8628992.72000,16601,1328829.54800,3588.30000,4210.27200,7798.57200,30828,524114,95645,817957,318,979,211343.69340,712.00005,483.99588,412.90568,124.61568,282.71618,962.86050,112703,33940,3877,2963,148666.52540
-70.801904150534,-33.5675154419965,Padre Hurtado,Ciudad,21061.04272,6890486.89552,,,,,,,,,,,,,,,,,,,,,,,,,,,,,,,,,,,,,,,
-70.857222903474,-33.8061107813682,Valdivia de Paine,Pueblo,3692.25748,276637.70082,,,,,,,,,,,,,,,,,,,,,,,,,,,,,,,,,,,,,,,
-70.7400742426777,-33.7317611298875,Buin,Ciudad,10145.14065,3209955.76486,,,,,,,,,,,,,,,,,,,,,,,,,,,,,,,,,,,,,,,
-70.7468106075306,-33.8666998818519,Hospital,Pueblo,3787.82841,402446.61546,,,,,,,,,,,,,,,,,,,,,,,,,,,,,,,,,,,,,,,
-70.6822213753103,-33.7358025092003,Alto Jahuel,Pueblo,4623.37070,571257.29930,,,,,,,,,,,,,,,,,,,,,,,,,,,,,,,,,,,,,,,
-71.2103640868199,-33.5695053058518,Bollenar,Pueblo,3052.20381,486864.27198,,,,,,,,,,,,,,,,,,,,,,,,,,,,,,,,,,,,,,,
-70.8980989315063,-33.7466099837206,Isla de Maipo,Pueblo,3617.57195,557635.30145,Isla de Maipo,12295,3226,3111,115,2581,243,,85133.40000,495.14875,15231.13920,525.46398,535,89,1202,4331529.10000,7096,498222.54620,967.42500,1171.22920,2138.65420,12725,263310,15925,328648,155,494,69731.99400,342.99963,191.99904,206.54137,29.23429,147.12341,461.78420,29306,10294,264,,37670.78446
-70.7348205383185,-33.81005553796,Paine,Ciudad,13587.77675,2593192.74843,Paine,19620,6016,5749,267,4718,434,,30016.80000,755.47183,27935.63520,699.15131,617,219,2965,11554921.90000,15656,1211588.20900,2296.28520,2101.17600,4397.46120,16519,319018,47383,634053,255,978,156950.34300,416.99989,199.99694,244.60190,26.03457,146.94724,880.49280,36040,10907,407,,72648.62749
-70.4542675824356,-33.577613997166,Las Vertientes,Pueblo,2411.89731,285276.04331,,,,,,,,,,,,,,,,,,,,,,,,,,,,,,,,,,,,,,,
-71.1263925050372,-33.3978505275325,Curacavi,Ciudad,5833.97939,1571551.35543,,,,,,,,,,,,,,,,,,,,,,,,,,,,,,,,,,,,,,,
-70.4670561615044,-33.5882376376682,El Canelo,Pueblo,3593.47515,641488.53122,,,,,,,,,,,,,,,,,,,,,,,,,,,,,,,,,,,,,,,
-70.8272835506375,-33.5128401766244,El Maiten,Pueblo,3669.99249,375514.63684,,,,,,,,,,,,,,,,,,,,,,,,,,,,,,,,,,,,,,,
-70.6416135391815,-33.4742132143885,Santiago,Ciudad,427491.44426,582104090.09800,,,,,,,,,,,,,,,,,,,,,,,,,,,,,,,,,,,,,,,
-72.4944008295342,-51.7302822198705,Puerto Natales,Ciudad,9583.08883,4531643.42675,Puerto Natales,16978,,,,,,,43966.80000,224.51742,18936.30960,253.70468,250,122,1376,2498504.71000,3817,188637.47550,464.51880,1018.88280,1483.40160,8466,228541,14086,303970,137,262,52350.31296,145.00002,104.99845,52.33005,3.87672,97.87392,1938.36240,35514,8189,731,19972,46155.80728
-70.3675415271785,-53.2946995438359,Porvenir,Pueblo,9550.46060,2618156.62379,,,,,,,,,,,,,,,,,,,,,,,,,,,,,,,,,,,,,,,
-72.6797595444042,-44.7287543761786,Puerto Cisnes,Pueblo,6276.74486,801349.40995,,,,,,,,,,,,,,,,,,,,,,,,,,,,,,,,,,,,,,,
-72.8177984796939,-45.4628753878538,Puerto Chacabuco,Pueblo,4350.75993,605596.62724,,,,,,,,,,,,,,,,,,,,,,,,,,,,,,,,,,,,,,,
-71.9382467416408,-46.2930260340481,Puerto Ibaez,Aldea,3796.50051,574163.02791,,,,,,,,,,,,,,,,,,,,,,,,,,,,,,,,,,,,,,,
-70.8221094230445,-33.456291764645,Lomas de Lo Aguirre,Ciudad,2790.69678,354249.20447,,,,,,,,,,,,,,,,,,,,,,,,,,,,,,,,,,,,,,,
-70.9068605891483,-53.1462867840904,Punta Arenas,Ciudad,37304.94243,23825195.24200,Punta Arenas,116005,28887,28333,554,24771,2374,33488.13000,477984.00000,555.88344,64515.89040,2572.22429,1825,928,7810,37377777.25000,44471,3403258.45700,6882.96960,12248.34000,19131.30960,50735,922833,26213,2130421,796,1732,520878.28420,1174.00040,650.99031,690.34034,52.79333,565.18023,6918.81840,165333,58893,3169,,355917.69960
-72.6914926892344,-45.4007052112928,Puerto Aysen,Ciudad,12740.24949,2492095.32261,,,,,,,,,,,,,,,,,,,,,,,,,,,,,,,,,,,,,,,
-68.9140091356097,-22.4834697727159,Calama,Ciudad,7266.15945,1085889.28433,Calama,136600,33236,31931,1305,24627,4272,124119.07000,152242.20000,160.47712,64398.45060,4381.02535,3066,1187,6344,46853067.17000,32200,4538646.59200,11404.32480,10933.75800,22338.08280,44341,1099776,206834,3206887,598,2893,499827.75080,1990.99996,1074.99601,1330.83211,146.26323,832.34963,13148.19000,100945,26479,3026,3979,392271.07450
-72.6862090169627,-45.4114204159932,Puerto Aysen,Ciudad,5410.58390,1123116.02789,,,,,,,,,,,,,,,,,,,,,,,,,,,,,,,,,,,,,,,
-72.0581464546952,-45.5771929665303,Cohaique,Ciudad,17677.88000,6317037.64715,,,,,,,,,,,,,,,,,,,,,,,,,,,,,,,,,,,,,,,
-71.724938478364,-46.541454924323,Chile Chico,Pueblo,5641.87530,1283623.40552,,,,,,,,,,,,,,,,,,,,,,,,,,,,,,,,,,,,,,,
-73.1114177736773,-36.7497145936522,Talcahuano,Ciudad,83548.16591,31005191.85110,,,,,,,,,,,,,,,,,,,,,,,,,,,,,,,,,,,,,,,
-71.5651422465445,-33.114883060794,Placilla de Peuelas,Ciudad,10517.48607,2821870.15591,,,,,,,,,,,,,,,,,,,,,,,,,,,,,,,,,,,,,,,
