Conurbacion,Pob_Conurb_2002,vehicle,motor vehicle,Non-motorized vehicle,private transport,public transport,CO2(movil transport sources),Green spaces ,Iliteracy,Municipal spending(M$/hab),Unemployment,Crime reports,Arrested person,Companies,Sales,workers,Income(workers),Professional technicians,University Professional,Professionals,Solid Waste,Municipal spending for Power Consumption,Municipal spending for Water Consumption,Municipal Spending cleaning services garbage collection landfill,Deaths,Birthrate,Year of scholarship,Offence Against Property,Offence Against the Person,Burglary,Robbery,Injuries,Indigenous,Emergency attendence,Respiratory Diseases,Cardiovascular Diseases,Hospitalizations,Street length
Ancud,27292,4533,4447,86,3637,497,,119838,589.922528,18115.511,309.7093272,458,356,2708,8970717.72,10416,837877.1162,978.677,1813.5484,2792.2254,17317,240368,67360,470216,243,590,109687.7214,260.9995743,197.0016882,117.6849106,10.6975388,174.0926572,2588.5008,46524,11988,741,2466,87265.97534
Andacollo,9444,1032,1009,23,740,147,,74073.6,141.249096,6408.3952,282.498192,164,15,330,3255121.41,883,226680.0232,245.8832,237.6528,483.536,1861,130491,43117,1741,66,180,27733.15584,67.99997632,95.9993856,40.8042656,6.1203312,91.810112,47.3248,8182,2142,143,157,
Angol,43801,5043,4867,176,4160,396,10434.9,78393.6,1237.615442,24963.462,1288.163635,667,203,2420,8489458.76,15306,1192680.705,1097.5104,3101.4468,4198.9572,13913,530553,45594,413670,314,784,168536.4408,425.0001233,242.0010432,171.5986908,15.5954268,217.41975,1876.5468,116566,47440,1930,2748,128762.1758
Antofagasta,285255,42846,41381,1465,35200,3692,186838.65,,680.862546,155548.5295,5775.983932,5830,1850,15075,151080625.8,82360,13245820.99,20486.445,36073.9575,56560.4025,123137,2079290,1655983,6372096,1787,6128,1103889.821,3769.998742,2059.986271,2463.302023,497.375256,1250.890456,5106.766,314862,105722,3624,9706,704497.64
Arauco,16291,3631,3419,212,2797,202,,34873,974.2152666,24693.5713,987.2999649,515,168,1603,23219682.71,9695,1247243.749,1210.0931,1398.4073,2608.5004,12357,351581,53472,372373,194,512,117703.0009,242.9995975,271.9989381,109.8464627,9.4645322,238.6254771,1234.5042,47231,13345,809,1171,52249.94643
Arica,175441,29649,28909,740,23811,3379,62454.17,296428.8,1642.310039,96876.6372,6046.999306,3347,1478,12660,28031298.74,40970,3221089.884,10856.7048,19082.604,29939.3088,112257,1831201,398469,1074983,1107,3634,782988.885,2166.998278,1179.990419,1492.685749,227.5832112,842.3950692,24121.8936,132798,31272,3768,8024,478863.3421
Bulnes,10681,1291,1119,172,753,92,,8238,342.091188,12130.455,639.2037198,293,94,1145,2715910.19,3607,339631.8647,607.5525,698.1705,1305.723,2439,171176,17154,224566,156,267,62907.0156,182.0000745,111.0008715,69.4648755,3.91305,101.751657,142.1055,33570,8835,696,1454,30090.38415
Cabildo,11287,2249,2213,36,1896,142,,18916,472.7335392,8283.3164,248.8416824,205,54,1402,2569610.74,5045,350625.5576,618.5532,520.19,1138.7432,7002,170220,29844,225021,134,260,51387.2056,135.0000871,70.0005496,99.0555256,3.8456228,59.6270152,151.328,,,,,25885.99237
Cabrero,18037,2656,2442,214,1991,93,,27810.2,904.1662337,16567.2946,969.615264,245,166,1075,3404244.63,4693,456755.2997,594.127,573.9014,1168.0284,8868,352804,19484,415848,135,369,78171.944,122.0000607,122.99693,74.1065984,3.7973564,112.113029,401.9838,38225,11672,541,,54181.97306
Calama,136600,33236,31931,1305,24627,4272,124119.07,152242.2,160.477119,64398.4506,4381.025349,3066,1187,6344,46853067.17,32200,4538646.592,11404.3248,10933.758,22338.0828,44341,1099776,206834,3206887,598,2893,499827.7508,1990.999963,1074.996014,1330.832111,146.2632336,832.349628,13148.19,100945,26479,3026,3979,392271.0745
Calbuco,12165,1150,1109,41,915,117,,15535,1270.26588,18262.946,242.4090721,344,316,967,3703294.72,3238,413770.0177,695.968,742.573,1438.541,17257,94841,14353,337008,203,465,103525.24,176.9998867,167.00125,103.487956,7.664969,146.610009,2460.744,42877,13649,94,774,
Caldera,12776,3572,3466,106,2848,403,,75537,123.2873712,8686.755,199.197936,461,131,803,2474054.78,2889,270992.4348,546.6132,726.5286,1273.1418,8250,179211,72756,,68,284,46435.3407,336.9999478,124.0001658,217.1441538,9.606933,103.767237,373.5648,36319,9678,189,,66158.71639
Cañete,19839,2756,2607,149,1974,230,,96937,1140.211769,17576.867,857.2808088,535,133,1519,2792989.52,4407,348338.5526,687.94,1131.974,1819.914,6984,304777,26693,327013,214,550,103686.3168,273.9999353,260.998182,130.818045,20.347389,226.745024,3173.905,53503,15483,565,2304,
Carahue,9459,1637,1589,48,1279,96,,28265.6,770.6024832,14605.6064,557.1201152,398,64,893,867991.61,558,108197.0097,334.048,750.3232,1084.3712,8888,183171,43520,252184,173,338,64324.28288,202.0001104,195.99624,109.3082144,1.9683136,187.105424,3348.1888,,,,,32517.58671
Casablanca,14437,2897,2494,403,1886,142,,91870.8,471.920613,22283.0438,289.775815,343,186,1312,32912652.71,5304,980390.6153,1113.3866,909.9584,2023.345,9606,515234,34305,213971,128,327,72253.32184,244.0000952,98.9973492,117.408695,6.4681418,79.5054278,201.2408,39182,12249,2790,3,54071.88289
Castro,29148,5241,5154,87,4129,555,,,852.844707,26528.7474,480.6942894,543,367,2591,9860524.87,11504,751173.4601,1417.176,2554.8534,3972.0294,12011,301044,52617,826028,275,776,141550.2945,378.9997079,163.998756,210.4663824,8.2353672,136.3480776,2905.2108,55930,17063,1609,2866,75008.9555
Catemu,6706,1236,1177,59,1015,66,,1211.2,232.48984,7287.7904,287.0192752,221,35,695,700983.04,1611,114318.5184,329.4464,329.4464,658.8928,4446,92795,8704,156556,73,197,40552.7928,120.9999701,99.9990944,66.6450688,1.9306528,73.404776,95.6848,,,,,17868.28533
Cauquenes,30771,6068,5974,94,4750,620,,65947.2,1746.281856,22001.6346,694.4198943,679,119,2899,3193830.85,6712,482564.1755,927.3825,1541.5158,2468.8983,12805,354192,104380,593486,331,538,122270.2305,352.0001869,326.9991912,153.2241975,25.5380532,281.9036715,280.2756,72151,27644,1857,1905,87666.18793
Chañaral,12086,3247,2890,357,1929,372,,2708.6,111.0902495,7826.4997,557.876799,223,80,778,3021557.89,3907,521397.6466,369.7239,591.8291,961.553,4716,110285,63772,107,80,249,50732.61972,139.9998145,82.9996298,91.0726121,6.9299531,70.2841071,207.2079,,,,,49882.72379
Chimbarongo,13795,3059,2933,126,2406,169,,,1139.540688,12716.346,736.7207784,347,137,2315,3387342.29,10336,453999.1088,698.0256,717.4152,1415.4408,8389,212520,19601,274857,189,432,97557.80292,203.9995974,142.9983,122.865432,10.6384272,125.7674088,248.8332,32941,6994,349,224,29413.67732
Codegua,5113,2989,2934,55,1566,1296,,,,9828.6784,258.1690664,256,51,487,1805162.43,3613,154854.6627,296.89,264.502,561.392,2596,77725,10406,35324,65,159,31032.88608,168.9999362,86.999566,115.2462204,7.6187372,74.2894352,186.7708,15738,6642,525,,14807.53364
Coelemu,9845,2130,2030,100,1600,193,,,466.313672,9046.125,328.539178,177,126,973,1851512.7,2407,221230.0477,368.2778,498.542,866.8198,4642,115612,24663,288616,123,197,49672.15176,80.99988776,95.9998908,34.9831746,,94.9513444,210.6742,26515,8300,28,927,22518.40897
Coihaique,44850,8858,8750,108,7318,717,17711.63,100082,1048.126259,30454.9526,411.83743,814,217,3373,10715704,14159,1289161.868,2462.0172,3622.9684,6084.9856,24329,,,,,,185287.8115,450.9995166,362.997414,222.3771999,19.0005677,322.163958,4143.3948,62103,17879,947,2943,117778.1096
Coihueco,7230,2241,2163,78,1885,77,,14149.8,1061.196796,10720.8318,520.4013444,183,52,1191,1607536.2,4056,232941.8493,398.5527,429.2106,827.7633,5304,184453,13897,205986,141,371,59833.60845,95.99978976,87.0000453,29.2523532,4.8746061,78.012564,282.996,,,,,18172.12086
Collipulli,14240,2860,2729,131,2164,150,,11177,630.0477135,12484.709,492.738045,236,168,938,1329614.31,3893,219246.3864,315.1914,684.0324,999.2238,7670,263122,19023,290894,162,378,52661.10612,109.9997867,125.998321,72.2615404,14.8475268,104.9274406,1479.8348,45165,16000,862,769,41415.5201
Combarbalá,5494,1063,1049,14,862,85,,2696.6,349.5466402,11236.7322,83.6781946,112,15,552,529519.65,2024,96397.2559,246.7389,339.7716,586.5105,2586,192559,54989,,99,164,35936.50956,62.99985682,48.9999186,40.3290013,5.0412937,42.3447098,66.0667,3576,725,133,378,18299.61423
Constitución,33914,5475,5056,419,4068,350,,27648.6,851.57688,27353.6816,1377.851392,762,117,2548,16358364.12,12585,1087330.16,1792.5509,1820.1995,3612.7504,15931,378592,70004,593413,239,706,116995.0509,456.9995621,304.9963147,281.7161935,31.3028233,241.8745609,608.2692,70949,20738,862,2381,71545.44991
Copiapó,134561,21296,20720,576,17139,2189,65143.32,277535.1,1867.617727,66834.8706,3156.034432,4156,988,7120,82215089.46,56493,6072777.583,6984.6055,12855.6895,19840.295,48073,1458695,496179,2946949,837,3096,541978.5567,2990.999569,1164.981014,1940.49001,263.1650688,759.855557,4019.2101,131690,35064,3179,5938,380189.5211
Cunco,7316,1849,1792,57,1524,125,,50498.1,467.3711373,8934.4231,361.8357192,112,23,747,2692040.18,1061,127162.8675,314.2104,555.4791,869.6895,11453,121840,17142,186110,139,192,58757.3448,54.99972507,56.9973925,29.4852795,1.963815,52.0953362,1191.3811,,,,,32178.09227
Curacautín,12412,1731,1703,28,1448,65,,16970,484.9849512,11963.85,554.878272,210,56,1164,994459.97,1086,124382.0527,356.37,614.314,970.684,5403,183882,12098,86451,116,189,53099.13,105.0000083,105.000178,56.267429,6.029441,99.473049,672.012,23787,7191,304,597,59036.91664
Curacaví,15645,5414,5226,188,4370,266,,21868.2,512.104648,16233.4938,445.9965934,303,196,1442,2527588.06,4016,347488.5535,1263.496,1115.2782,2378.7742,5760,172953,39617,319216,155,386,79490.907,165.9998053,136.9994134,104.858019,11.3325872,114.3050814,415.4958,43997,11733,1995,442,52647.85094
Curanilahue,30126,2418,2295,123,1699,318,,19165.8,923.983218,25327.6047,1334.642426,464,341,1262,4347825.16,5543,579902.6844,817.7408,1108.4221,1926.1629,11956,276377,15660,277041,192,528,87014.64858,272.9998912,190.9999742,87.2874418,16.8595154,170.6107573,1661.036,66679,16655,1207,4210,73356.99299
Curicó,104124,22277,21191,1086,18289,1527,31890.48,538132.5,2656.006767,69825.6815,3639.712977,4391,748,10144,43365303.66,70362,4343239.066,5907.499,7677.357,13584.856,52475,1395328,219523,2525570,876,2404,305258.6503,3400.998596,732.003702,1890.00505,110.5563325,523.256126,1363.269,234321,83420,5578,5914,404057.3837
Diego de Almagro,7951,1675,1597,78,1242,211,,39036.9,114.043515,10348.4963,669.055288,253,86,672,2456214.29,2777,432104.2008,992.6526,1455.5187,2448.1713,2880,121241,75732,780,57,267,61366.0068,150.9997482,101.9997019,88.9576595,7.4132932,96.3690938,526.0687,,,,,61833.57361
Doñihue,7402,3216,2976,240,2448,166,,35523.6,,9606.5964,514.03495,225,56,861,4652810.77,5733,680885.2058,681.7148,531.1624,1212.8772,4901,174266,32735,236304,102,266,57043.45856,147.00004,77.999676,69.2490292,5.6905424,65.4530788,184.3844,20743,5306,506,,26618.86783
El Monte,22284,3979,3681,298,2765,343,,42334.4,407.0611314,20368.1382,959.5012383,519,129,1111,5633676.37,4310,442041.009,963.1076,1034.5469,1997.6545,12621,170150,23423,69431,185,539,95766.76296,379.99966,138.9997106,253.344925,22.7706154,102.475707,470.9702,27788,10929,657,,23336.81834
El Quisco,18581,28772,28624,148,27989,492,,32226.5,233.6318909,67138.3896,507.3305677,937,428,1858,4397521.38,3043,333020.8176,1363.6525,1516.1355,2879.788,12372,825869,77114,249348,181,350,91806.38358,761.9998245,174.9991733,579.2142006,17.16896,134.9987557,622.7915,88407,23783,777,,627333.3386
Fresia,6144,953,928,25,771,51,,5121.6,421.296286,6820.6908,237.9969108,136,60,653,862074.65,955,96634.1485,222.7896,293.2116,516.0012,7037,103886,13967,,104,110,33812.163,59.99992812,75.998142,30.7052724,6.9320856,64.3797924,777.2028,17567,4628,64,466,17578.87297
Frutillar,9118,1634,1597,37,1340,122,,304290,368.6256,11218.365,397.424475,155,76,1010,2784096.22,3154,289469.3156,490.59,569.7675,1060.3575,20834,173412,20797,25000,114,259,42894.17775,72.99994725,81.9983925,39.09195,,74.367855,995.1525,15865,5062,522,63,27194.2268
Futrono,6603,1208,1160,48,956,102,,19475.3,423.4894996,8936.1665,243.7714312,189,75,576,1041943.37,1400,167829.7843,289.1333,402.9889,692.1222,7012,104559,12361,294177,88,201,49292.73335,109.99994,78.9993073,43.6156834,2.9078121,71.7245337,1712.3283,16371,6720,183,,14279.20947
Gorbea,7852,1332,1281,51,1120,48,,74587.8,346.4892528,9626.3928,641.0051177,292,59,846,1417428.07,3121,156162.5927,375.9834,506.8926,882.876,13695,115502,12822,138952,129,172,41287.3917,163.9998491,127.9987536,78.8301714,25.6201482,98.5365726,907.2312,,,,,40872.80403
Gran Chillán,165528,26600,26029,571,22375,2072,66921.26,259123.7,3586.009346,77741.5466,5607.358353,3933,1685,10693,38381159.08,47154,4251543.822,8981.0078,17331.8906,26312.8984,61494,1626854,259055,2194861,1244,2914,595019.05,3131.000601,801.9750504,1915.480554,143.3964298,583.5168406,1916.1921,252108,84018,5943,11018,513845.3369
Gran Concepción,848023,108208,105398,2810,93565,6777,583047.96,2411412.2,9503.887059,510781.4215,30381.90272,15679,9810,40624,289731935.7,260858,32131246.41,49330.0243,85350.1059,134680.1302,311682,7402811,925568,14858814,4967,13331,3029778.681,8593.756934,5746.329557,5673.926295,1460.536092,3607.033897,18779.4871,1306694,446161,24084,24637,2227933.697
Gran Iquique,214586,,,,,,93258.19,182824.4,394.2026472,125733.326,6570.04412,5120,2657,13945,115414057.4,65055,5782660.63,10038.7216,17684.1056,27722.8272,165397,2156775,697799,4841288,1222,5416,759319.5944,2722.464733,1209.54961,1827.41298,232.7853224,996.825914,9772.7952,387278,112164,6340,11623,504093.8445
Gran La Serena,296253,41711,41372,339,35605,4657,146457.36,1001292.8,2976.499199,245134.1484,8909.973605,9035,1849,16678,65440850.65,84726,8526065.658,21590.3968,31408.9676,52999.3644,136833,4855338,471932,5237762,2061,6712,1347711.936,6597.998583,2436.97485,4600.099186,656.4822824,1375.641114,3392.8544,399614,115473,5840,17085,989868.6973
Gran Puerto Montt,175140,30455,29665,790,24760,3093,73766.26,52781.4,3670.488837,128966.4524,3726.476736,3022,3080,14524,126821039.4,104231,11165588.32,11633.8004,15380.7448,27014.5452,120134,2318755,191609,3221448,1285,4441,738139.1538,1947.998465,1074.006192,1142.98976,104.276402,818.546685,9403.939,330841,124177,4209,10098,622840.2864
Gran Quillota,128874,20212,19850,362,17022,1544,,324367,1608.533649,2488158.051,4307.977753,1197,938,10263,36559693.49,42785,3198237.043,8310.5474,9897.8268,18208.3742,58877,1027930,72416,1529319,1098,2500,521964.1197,1249.999254,663.9614091,680.5501716,54.7392187,456.7348719,31601.2596,11736,21039,1449,4868,347975.4843
Gran Rancagua,239290,42477,41486,991,36075,3443,81299.66,68983.8,2839.958139,118053.7802,7768.132903,5464,2401,12312,155885686.3,99783,9119381.324,17928.9539,19862.2139,37791.1678,89742,2212230,568162,4211466,1558,4705,947787.7354,3656.998737,1806.996691,2321.878631,562.4566285,1032.418376,4049.7208,255012,66400,7977,7148,700125.2169
Gran San Antonio,106255,24962,23720,1242,19765,2028,32601.69,198601,1467.011973,92996.5225,4463.180022,2284,1169,7074,31104544.25,19700,2119966.357,5676.322,4956.472,10632.794,43780,1293308,136034,1774514,747,1659,309271.595,1431.999398,689.002385,1126.7736,150.3839295,422.152641,1689.754,59432,57576,2831,3573,446404.9915
Gran Santiago,5638820,872750,859573,13177,772277,57439,4440873.19,14904377.4,50856.18421,4618840.295,171976.3309,125403,57735,340376,8911705578,3441686,612519593.8,401072.6699,669226.3051,1070298.975,2666458,45344859,7551086,91237732,33190,91669,22243213.49,74913.9607,51190.5779,49476.68822,20045.42571,22877.36272,185710.7431,5890406,1904475,131811,118297,13001502.91
Gran Temuco,268220,45208,44223,985,39011,2992,116157.38,512337.8,7013.404914,131716.2542,7181.948564,8680,1897,18537,69534855.75,98945,10193837.04,15564.6495,40409.9725,55974.622,152729,3196396,207360,2680126,2035,5560,1305565.234,6233.998132,2446.009368,4007.641758,363.7246061,1621.244654,34038.9694,208253,64873,2414,16521,832153.2929
Gran Valparaiso,814494,115215,113667,1548,101339,9224,577706.33,1380037.7,5203.962192,612970.4309,29407.63264,15773,9655,43915,579479038.9,259442,39735580.3,62293.7051,106775.8451,169069.5502,304574,6806849,746054,13794310,6263,12127,3151130.847,10712.99542,5059.954341,6891.916075,1135.323911,3311.039722,9203.3574,648338,159613,14150,31703,2158674.397
Graneros,21615,3075,2933,142,2331,328,,51922,442.6480305,13312.8008,520.3573514,460,179,1192,4764596.99,10387,486666.064,1165.6489,1061.8049,2227.4538,7454,,,,146,462,76192.9389,318.9999413,140.9993832,165.2054196,16.1399537,112.0346955,643.8328,47387,11580,1704,417,53648.91206
Hualañé,5198,2072,1960,112,1552,105,,15585.6,409.4872875,6077.4099,271.8995589,104,2,668,712336.88,1409,89795.9766,239.6286,267.8775,507.5061,4777,112110,20800,63976,72,77,23671.01964,43.99999959,59.9996895,24.4284798,1.9530705,55.6951416,111.0474,15075,3658,231,473,13219.048
Hualqui,13724,2411,2287,124,1870,173,3447.61,20644.8,606.4408123,10844.1504,702.2572704,367,77,600,965563.08,1058,117308.6179,585.5616,679.4016,1264.9632,6586,182546,17716,272761,120,363,62578.51776,224.9997926,142.0005648,168.564792,6.6663936,119.9969616,350.9616,8832,11711,354,,44016.78989
Huasco,6445,2978,2155,823,1173,120,,14301,138.904024,12344.941,323.164464,93,35,435,510299.97,2377,139795.752,296.3485,422.674,719.0225,2964,98439,35036,129114,59,163,27199.5486,60.0000044,33.000352,33.373767,1.9632095,30.42935,344.0185,,,,,32025.01474
Huepil,6576,1671,1551,120,1246,53,,60051.9,294.9083646,10268.8749,357.0761358,95,67,551,1434294.32,1666,176445.0659,281.094,413.9748,695.0688,5289,153640,13782,194838,110,148,39322.4952,49.00005054,45.9984777,16.661208,2.9399877,42.1462122,121.3815,23251,7173,377,818,27335.87862
Illapel,21826,3001,2877,124,2351,307,,69816.5,732.654351,15232.139,772.2312,501,166,1785,2913668.46,3471,380181.1034,1086.709,1059.3895,2146.0985,13855,327720,78909,221322,183,452,86630.1345,329.9998293,170.9988215,232.8440985,19.5637975,137.9422265,218.556,27809,2151,190,421,58467.7552
Isla de Maipo,12295,3226,3111,115,2581,243,,85133.4,495.1487534,15231.1392,525.4639832,535,89,1202,4331529.1,7096,498222.5462,967.425,1171.2292,2138.6542,12725,263310,15925,328648,155,494,69731.994,342.9996308,191.9990352,206.5413678,29.2342936,147.1234142,461.7842,29306,10294,264,,37670.78446
La Ligua,17048,4167,4125,42,3520,259,,35185.7,726.584705,17074.6606,665.00973,444,173,2810,3561405.79,4709,381183.0049,1452.2098,1244.2943,2696.5041,12550,443686,26075,521899,199,442,107812.1835,317.0001264,127.0011848,223.2660613,10.4501529,105.4547416,211.1142,,,,,59889.79296
La Unión,40669,7085,6831,254,5792,513,,290543.8,1161.642086,33249.2917,2217.154118,742,632,3885,13061760.03,9995,1107124.537,2396.174,2457.8324,4854.0064,28168,405033,119006,418547,517,881,254573.5962,498.9998622,242.9948781,264.2803761,10.8632413,221.8436706,4673.216,117892,43167,1437,5990,130484.8888
Laja,19537,1858,1772,86,1498,140,,17923.2,418.3812576,17670.0348,923.8128091,289,93,818,1903605.24,4779,305790.4546,862.554,884.958,1747.512,4163,241941,24779,349299,132,305,89284.4208,155.9997241,132.9968652,88.0320372,1.9984368,129.04704,474.9648,37235,9909,1002,3,37088.69165
Lanco,7817,1439,1377,62,1159,71,,134452.3,404.6044361,23032.1322,302.638531,188,58,766,1310694.02,2800,233167.7258,305.1614,451.6993,756.8607,5896,87812,13226,172202,100,241,42594.33757,102.9998281,84.9980248,43.5172242,3.867392,77.362947,1498.6144,17613,6190,336,526,11714.69196
Las Cabras,6426,3069,2990,79,2775,100,,78943.8,,13137.058,258.9113736,180,66,1391,6906898.91,3719,214118.4742,510.0984,421.0336,931.132,5683,169958,20261,127193,130,303,51213.87936,89.0000256,90.9999352,52.4895302,5.7244376,78.2596204,206.4684,18949,5507,516,,22541.74417
Lautaro,18808,2854,2725,129,2199,189,,299627.4,1198.106875,16817.796,1264.242375,469,78,1400,6417486.53,5567,646002.3994,998.758,1540.0204,2538.7784,10727,345465,33662,258197,254,547,92345.16468,251.9998528,216.9978954,98.10381,24.0410716,182.740496,2864.1802,,,,,76570.78822
Lebu,20838,1511,1506,5,1246,138,,25035,464.74974,17476.9335,805.566216,400,168,880,1761561.12,3248,595390.1924,498.1965,948.8265,1447.023,7744,283957,67840,158747,166,374,75606.95175,230.0000499,169.997664,109.4004465,8.7897885,153.3518925,2949.123,42889,11871,401,1565,51784.37019
Limache,45327,9216,8982,234,7204,1061,,89722,607.5987299,31435.9242,1367.606605,909,373,3177,6089036.38,9801,692774.6815,2654.7448,3219.0504,5873.7952,20374,489147,44027,749328,432,781,216533.1034,647.9998778,260.9993754,384.5618306,34.5340248,207.1789275,441.6604,,,,,174533.5716
Linares,65133,11690,11361,329,9298,1047,23103.87,224772.3,1178.448702,32708.5321,2784.04719,2488,268,5482,12967679.06,23169,1295376.073,3013.6138,4811.7922,7825.406,26997,860223,41526,1279939,625,1376,235282.4863,1665.998968,821.9923011,633.0004213,167.4387137,592.3416097,740.9161,167627,60865,4333,7824,219007.9473
Llaillay,16215,3410,3263,147,2756,210,,,581.2790558,9267.9608,852.3831422,421,46,1168,2608821.21,5434,358327.1914,796.4992,861.4312,1657.9304,7895,196109,33757,26683,151,367,60269.8824,228.9997968,191.9995952,114.1526204,5.8049208,132.537034,155.8368,,,,,43419.69614
Llanquihue,11447,1117,1104,13,955,51,,,443.1589323,14378.1937,407.2928459,166,100,847,3655903.15,3497,399796.7002,607.7364,655.1137,1262.8501,6741,171949,12501,35841,93,226,51282.65985,83.99978953,82.0003041,48.8574322,9.5800168,68.974814,841.3555,9491,3362,257,268,31655.34507
Loncoche,14191,2429,2313,116,1875,194,,34555.5,929.9000235,11638.2924,1041.767696,327,139,935,919558.79,2550,170524.349,532.1547,780.9543,1313.109,20402,183069,15026,262299,168,292,87705.31455,207.9996908,118.9976235,127.2494769,7.9523724,107.3662422,2384.3295,24911,6999,202,949,52425.0421
Longaví,6206,1746,1657,89,1284,108,,28161,755.3413823,11743.137,1042.168208,323,31,2332,1757911.58,3429,223251.618,340.7481,380.1735,720.9216,13639,169787,15145,156323,204,343,85812.1992,181.9997556,140.9964948,87.2624907,14.7028581,117.656658,194.3109,27813,12063,995,,21871.85926
Los Alamos,13035,,,,,,,33537.6,,,,227,78,579,1435325.6,2194,183911.7872,,,,6222,141524,15150,41882,127,322,60521.394,116.9998303,109.9977384,62.3817992,0.959548,103.6479528,1723.46,,,,,
Los Andes,63150,11074,10785,289,9232,1005,19350.61,138195.6,801.615561,43907.328,2197.23121,1789,768,4669,19427986.28,26232,1970272.624,4751.2398,5009.5494,9760.7892,30277,561209,177312,386977,505,1253,241895.2725,1429.999272,358.9987878,975.2978298,16.9577766,311.0860386,655.2822,96385,16447,3222,5532,182339.6702
Los Angeles,138856,25894,24834,1060,20501,1896,54850.87,560474.3,883.0643837,19834.0527,922.8779267,3672,2489,10913,67253120,70216,6174185.822,646.6779,799.9068,1446.5847,62481,1837482,82795,2716802,1238,3321,596151.6688,2621.000306,1050.979505,1440.550968,174.88864,755.6388265,2320.7124,45237,14250,440,941,52909.85435
Los Lagos,9479,1475,1430,45,1186,142,,50420,631.2826016,13514.5768,308.5554757,295,118,808,1514427.47,2110,174202.7739,431.5952,520.3344,951.9296,9604,139362,14991,268821,131,310,50921.37648,186.9999145,107.99964,82.2471208,3.8702392,99.6642056,601.0064,32702,11005,468,763,23687.71781
Los Muermos,5707,2664,2505,159,1982,136,,,461.8627122,7945.9376,130.436196,147,54,835,1154308.25,942,128979.7768,271.424,342.6728,614.0968,8169,82652,6642,18351,105,179,50877.5806,75.99990748,70.9977328,43.6704252,0.9906976,66.49888,476.6884,12847,3486,271,,13817.94939
Los Vilos,10966,2761,2688,73,2304,213,,27924.8,340.1345358,3277.6734,490.6755618,423,117,1037,1240203.75,1871,188819.116,635.2892,631.7986,1267.0878,3959,333586,23774,313552,114,300,57285.9819,296.9997954,126.0001882,197.5347993,6.7787452,111.3553759,181.5112,20555,6262,1027,399,55757.72642
María Elena,7412,1565,1542,23,1257,54,,12801,20.068956,5831.985,163.896474,109,17,193,299365.78,667,61050.5368,390.807,368.97,759.777,1438,2537,23209,9072,13,53,29847.0375,59.9999436,48.999969,38.445921,,51.627186,97.89,,,,,23671.90845
Maullín,6896,714,709,5,564,60,,15580,355.86278,9313.724,146.9204906,198,35,616,777079.62,867,120998.6084,210.33,300.694,511.024,7862,115584,37513,99345,132,156,56057.1516,84.0000374,114.000418,38.386004,2.020726,110.110092,1168.5,6032,1714,100,698,14874.35922
Mejillones,7825,1788,1732,56,1513,116,,14310.6,39.20818188,13216.26,237.2259744,198,71,395,1254288.91,1054,102201.6092,462.99,385.5444,848.5344,3619,160790,73416,424363,39,159,26028.456,120.0000211,78.0003462,83.7793032,5.5845012,62.3681202,192.7722,28285,7720,491,60,26758.43546
Melipilla,53522,12085,11499,586,9458,1103,,141810,1414.3184,37579.65,1622.930364,1569,536,6152,34977309.81,26841,2578153.837,4415.018,4415.018,8830.036,39508,757005,120141,1143752,649,1786,292162.6344,1015.99869,553.002276,564.469978,102.538084,397.710872,1058.848,148905,51172,3744,3157,197660.6049
Molina,27203,3855,3678,177,3139,126,,84746.2,885.4591144,22946.9597,989.0128074,598,94,2082,4667898.25,9099,616199.3656,1336.6787,1282.7493,2619.428,12598,432645,18936,745606,336,573,106839.9196,412.9998198,184.9971025,206.9964456,16.4407628,159.5963551,389.0621,,9786,971,1190,78097.26599
Monte Patria,5219,2101,2088,13,1739,200,,60552,874.6554744,18674.2368,314.4828672,201,31,1769,3934934.43,16565,663553.4002,466.2504,517.7196,983.97,7143,280797,65816,,154,427,93615.20856,101.0001305,99.9986004,66.9160152,4.8471876,90.1891764,151.38,7304,1780,251,,
Mulchén,21819,3023,2840,183,2264,185,,130513.5,938.6762944,15884.9431,902.57336,344,170,1276,1971409.65,2767,268866.7319,638.066,838.1867,1476.2527,16414,216124,15622,380814,188,417,90396.5504,169.9996344,174.0005982,88.1517182,14.8553366,153.5273805,510.4528,21268,17488,359,2295,50802.17055
Nancagua,6846,3969,3870,99,3386,164,,,560.2240658,10429.4414,282.8315672,225,77,1003,1869888.36,7045,287901.2841,397.1036,403.3572,800.4608,4174,278734,18531,174732,100,234,49627.94424,133.9997957,90.997697,50.0162928,3.845964,81.758003,100.0576,29439,5558,290,,25578.57528
Nogales,8969,3073,3050,23,2380,381,,49755.9,362.028255,14647.7043,267.9009087,114,64,1147,1510348.52,4744,329872.0959,873.9732,607.8873,1481.8605,8577,209761,11445,194939,123,292,57041.02908,73.99978677,39.999417,35.9886588,1.8928875,35.9886588,166.5741,,,,,48202.82387
Nueva Imperial,14980,3399,3275,124,2605,240,,32993.4,1195.203911,15812.8368,463.25733,449,79,1142,1324734.84,1798,209106.0789,578.8842,1208.7582,1787.6424,5890,214357,26778,372935,239,480,93914.2134,172.2114508,163.9741986,87.9154134,5.0869824,145.3119318,7561.4874,29352,10825,420,1382,48538.02019
Osorno,132245,,,,,,34108.72,1352917.5,1989.57429,69391.575,5250.265488,1935,1469,8774,62537642.55,46974,4889221.879,7637.4375,11710.7375,19348.175,71938,1689662,223391,2929394,1057,2551,426903.6613,1332.999063,601.9900975,759.408595,74.01768,467.178415,12074.425,226030,83257,3922,3023,398570.961
Ovalle,66405,11683,11544,139,9331,1354,26374.22,107897.9,1555.936763,46494.186,2385.769703,1397,364,5987,12318190.52,21982,1557003.82,3933.3689,4198.2092,8131.5781,23288,825184,154713,1505683,612,1713,417129.3578,908.0000641,488.9932828,559.1073,98.6088717,306.3515648,667.0052,131026,146,3601,3699,202096.7413
Paillaco,9973,1459,1405,54,1171,131,,113498.3,457.07112,12900.3322,323.123889,203,172,1021,2032173.33,1916,212206.1255,507.8568,523.2464,1031.1032,5868,156656,25441,294319,146,274,58465.0904,128.9998593,74.0008916,62.6779934,1.9564029,57.7821769,744.4719,37353,12714,621,1133,27051.31592
Paine,19620,6016,5749,267,4718,434,,30016.8,755.4718274,27935.6352,699.1513056,617,219,2965,11554921.9,15656,1211588.209,2296.2852,2101.176,4397.4612,16519,319018,47383,634053,255,978,156950.343,416.9998892,199.9969356,244.6019004,26.0345712,146.9472444,880.4928,36040,10907,407,,72648.62749
Panguipulli,11142,2534,2415,119,2030,154,,,759.62259,20745.7155,911.547108,437,167,1482,3759614.76,3038,357303.7184,618.8778,968.2443,1587.1221,9798,164218,42601,490989,254,418,94089.72213,249.0001592,187.9957773,144.1319814,10.713906,171.4025322,3713.2668,52090,20032,893,1716,34483.59943
Parral,26397,5218,5039,179,4386,229,,3316989.4,858.6558461,17598.5766,703.602666,597,118,3331,4813441.09,6567,482905.1811,1369.1564,1323.77,2692.9264,11366,336068,19009,477209,302,563,107338.836,344.0001673,252.9951402,125.1416514,27.591149,211.859933,298.7938,71762,20072,1323,2719,97837.89652
Peumo,7392,1588,1520,68,1087,170,,,,8483.1736,96.85295928,166,52,783,1721515.25,4700,259431.9352,481.206,359.8584,841.0644,3710,71989,21392,199570,100,190,54210.71524,113.000001,52.9996104,31.7833076,2.8886308,46.2292512,184.1136,31618,6991,363,898,15960.78063
Pichilemu,9027,2514,2424,90,2096,75,,23544.8,387.7181698,11185.0192,341.226112,249,103,939,1252880.76,1466,144670.8665,428.7632,462.2216,890.9848,3612,353121,50563,402851,75,151,38625.36832,172.9998791,75.9988968,105.2725184,3.791952,67.3368888,131.3552,29992,6403,936,667,92769.16166
Pitrufquén,18808,3437,3221,216,2539,207,,96497.6,1225.75199,23290.9636,1651.650342,635,72,2212,5151306.52,5112,492694.6899,1015.6118,1920.2892,2935.901,41801,295153,46827,455852,392,666,158179.7254,372.0000226,263.0018258,191.940423,9.6947424,239.3945914,5774.4722,29858,11681,314,951,71432.78358
Pozo Almonte,6384,,,,,,,,104.04381,26742.519,236.099415,215,148,421,17955499.57,3036,764929.7574,288.078,371.469,659.547,9882,162290,82427,358011,40,220,28703.1822,125.9999022,88.998774,75.52842,3.554406,71.084871,1838.934,25176,6307,354,,17260.91846
Pucón,13750,2625,2588,37,2394,125,,135084.8,403.2534564,32766.5068,350.9798602,675,91,1505,3298107.55,5463,343841.0468,812.6195,1099.6747,1912.2942,10597,381070,38414,346147,97,334,63162.6975,513.9997747,160.9978639,270.1379395,20.7798415,121.0655306,2180.3531,,,,,49252.97571
Puerto Aisén,16936,2206,2206,,1830,268,,460471.8,615.3847959,19138.6386,459.242385,317,275,1347,6374851.08,7890,455392.6412,757.7667,1003.6497,1761.4164,11078,,,,,,78071.20545,139.9997449,176.9999952,53.0235513,3.7865982,160.0161858,1884.3579,39638,12243,472,557,51130.5468
Puerto Natales,16978,,,,,,,43966.8,224.51742,18936.3096,253.7046846,250,122,1376,2498504.71,3817,188637.4755,464.5188,1018.8828,1483.4016,8466,228541,14086,303970,137,262,52350.31296,145.0000213,104.9984532,52.33005,3.8767248,97.87392,1938.3624,35514,8189,731,19972,46155.80728
Punta Arenas,116005,28887,28333,554,24771,2374,33488.13,477984,555.8834424,64515.8904,2572.224293,1825,928,7810,37377777.25,44471,3403258.457,6882.9696,12248.34,19131.3096,50735,922833,26213,2130421,796,1732,520878.2842,1174.000402,650.9903088,690.3403416,52.7933328,565.1802312,6918.8184,165333,58893,3169,,355917.6996
Purén,7604,989,970,19,796,54,,24449.2,449.7345411,6437.8604,206.8278787,249,36,507,1131654.09,828,108814.4249,169.8576,396.3344,566.192,6331,134995,16261,123636,89,170,41651.1424,123.0000648,125.9983088,52.2029024,6.0235108,116.4528264,696.1588,17168,6332,252,380,25142.86285
Purranque,11618,1943,1896,47,1638,121,,,418.28241,10174.437,424.5566462,157,127,1065,3182217.12,17629,365104.5949,672.9125,629.432,1302.3445,3633,141218,14302,152559,168,288,69320.7541,79.99977195,76.997754,27.608047,4.92779,70.9912335,1544.593,30259,8752,640,852,36864.4691
Putaendo,7214,1809,1786,23,1561,133,,21973.5,372.0377232,10720.1382,230.7639391,263,32,871,958404.2,1910,127284.278,459.9786,524.4342,984.4128,5664,145411,11393,50704,126,206,53584.5771,141.999935,120.9992751,77.5942881,3.8321784,89.0878935,95.2185,,,,,13555.26696
Quellón,13656,1543,1527,16,1206,188,,17458.4,483.0826572,10296.0914,278.701533,254,258,1083,3719049.52,3883,274535.1657,453.9184,554.3042,1008.2226,12300,118362,57640,41000,92,407,74754.46827,145.0000865,108.9993381,68.4412926,10.8067496,87.3509221,3197.0695,35623,9623,281,1894,25262.52466
Quillón,7285,,,,,,,19689.8,524.9911064,10473.459,382.1275216,196,117,831,909995.86,1096,123905.2587,290.8032,318.066,608.8692,7252,210839,27585,377727,118,184,41307.23142,123.9998476,71.9995402,69.1626944,1.976553,69.1626944,148.4308,,,,,29840.76218
Quinta de Tilcoco,5850,1642,1589,53,1202,150,,,,6295.416,268.80698,96,33,769,1353139.3,2114,128380.1498,282.224,220.772,502.996,2576,168138,13305,60350,69,141,38646.48,51.9999996,43.998494,25.262462,4.856984,36.921272,209.392,,,,,11380.38603
Quintero,18719,1843,1780,63,1409,265,,23291.4,316.9284089,15501.4854,560.7194927,706,183,1371,2757212.76,4291,392641.0763,1463.1234,1325.4924,2788.6158,8461,301777,49119,146903,153,388,59491.74084,548.9998955,157.0009752,385.3964436,24.6804144,117.7041486,298.5534,,,,,131510.3698
Quirihue,7952,986,943,43,719,64,,4571.6,383.5069524,8928.3348,213.059418,130,110,453,999217.16,1720,152410.4223,316.5833,340.5842,657.1675,2429,69030,32899,113171,94,114,36279.76044,72.99988025,56.9998517,38.3945826,2.9521107,51.1939197,91.432,21108,6678,776,1573,23700.43793
Renaico,5355,853,794,59,660,33,,,287.627844,5059.6504,279.1359743,110,26,390,405775.52,739,74292.3799,138.7456,277.4912,416.2368,5551,82744,20299,97403,59,129,23885.694,68.00004008,41.9997536,25.7154016,0.9885624,39.5625776,188.0368,,,,,19399.78766
Rengo,30891,5534,5376,158,4457,524,,55913,1285.630483,20326.917,1325.39225,920,240,2524,6487228.82,15405,868462.4198,2200.939,2007.785,4208.724,14754,483644,55172,472744,306,805,181089.4995,598.0002093,321.997884,287.885871,53.025856,244.329644,864.11,77949,12153,1497,274,111370.5131
Requínoa,8240,2884,2674,210,2141,174,,,692.486928,10883.2671,346.243464,209,36,1179,6550245.45,9670,681162.4447,768.9867,627.1563,1396.143,6192,,,,124,355,80903.1627,122.0000724,86.9974377,74.948502,8.5386333,71.1545388,511.9191,23041,6442,520,,49369.60853
Rinconada,5727,1197,1176,21,942,116,,4015.2,203.9389008,1677.6844,136.1273256,57,27,405,529869.04,2182,75232.1796,211.4672,262.3264,473.7936,2639,138308,45870,16558,40,156,16668.63436,45.0000194,11.9994252,19.9809736,,11.4178904,32.7908,,,,,19351.75294
Río Negro,6583,1092,1051,41,870,62,,19151.6,408.098498,6944.6648,186.7650773,133,73,757,1687711.3,3106,239868.3131,343.2556,444.9064,788.162,7586,91429,16968,30188,101,168,43901.36,52.99999052,79.9991796,26.2126476,6.0489592,71.5813148,1370.076,23355,7285,394,518,18910.22902
Salamanca,11615,2314,2253,61,1833,165,,36741,660.595097,15641.8684,725.928678,226,110,1595,2124192.26,3232,169240.0285,702.9778,698.079,1401.0568,16343,227082,29640,,154,392,85810.07514,116.9999999,108.9983,62.3592746,5.8467178,97.437132,340.4666,16823,5191,380,687,36938.55225
San Carlos,29359,5048,4842,206,3946,424,,75132,1526.952715,19013.4048,1328.284674,601,243,3519,16223492.26,8867,1060720.725,1217.1384,2183.8368,3400.9752,15415,366766,52063,567907,370,641,159207.7133,404.9995469,195.9993528,213.6553728,14.7659424,170.3292528,415.7304,117603,34960,2797,2072,71303.32725
San Felipe,53358,9764,9529,235,7793,944,18741.09,173140.2,874.197695,31004.921,946.6312183,1590,350,4619,13456384.06,32671,2259243.402,3488.4544,4617.072,8105.5264,25469,686938,200658,838527,396,1166,253748.5058,1049.999765,539.9986334,606.9333522,30.3444232,293.9728218,436.0568,110465,25479,1534,3251,167557.0828
San Fernando,49519,7603,7549,54,6503,551,17192.65,82851.6,1040.985742,,1536.693238,1168,670,4469,20333657.78,27183,1884558.754,2810.5812,4040.6088,6851.19,25000,,,,404,1097,206824.361,880.9999393,286.9915692,406.418964,37.4680428,229.6327692,656.4396,92327,13734,827,2585,154020.8348
San Francisco de Mostazal,12037,2559,2406,153,2112,75,,34985.6,735.4213646,14324.4166,354.4896241,257,114,893,8190751.8,10982,650048.5463,815.6018,660.3532,1475.955,6429,159252,39271,190085,117,321,68694.2256,164.9999614,91.9990084,112.7892012,9.5576286,75.5098578,275.5116,22195,7616,232,,40207.97605
San Javier,20524,5002,4874,128,4019,310,,22675.8,842.935072,18386.2945,1093.181422,819,174,2430,4567518.74,7577,559099.7905,1156.4658,1390.7824,2547.2482,18828,398561,18327,734811,265,614,111132.5841,605.999795,213.001348,247.8275975,14.5767601,189.5092192,230.5373,55114,25274,464,,75991.20544
San José de la Mariquina,7790,1399,1372,27,1164,70,,1822.3,382.5860536,10398.0438,445.1295764,394,95,764,1558507.94,2516,272484.9593,450.1081,435.5297,885.6378,8235,157893,9717,180532,145,322,67875.2081,223.9998495,169.9987224,94.048903,13.7146298,147.9288471,2520.2409,32233,10269,437,1578,20565.25323
San José de Maipo,5281,3792,3585,207,2727,322,,60192,150.7316026,15492.0832,399.7899136,192,78,654,883207.83,1296,152057.3113,869.44,1241.2928,2110.7328,5921,133847,24918,252698,93,195,52099.52,116.000016,75.9984192,81.4772288,5.81856,64.9886336,272.8704,22135,49070,3802,17138,27642.76307
San Vicente de Tagua Tagua,18914,6203,6039,164,4975,426,,52328.9,856.6361689,20078.1964,609.8087982,527,181,3232,4182031.53,9880,567563.605,1525.5887,1525.5887,3051.1774,11240,341302,50899,299355,271,591,147949.499,380.9998779,145.997631,152.7078061,9.5439863,126.9378355,523.289,61087,12708,1246,1583,52831.75291
Santa Bárbara,6838,1294,1236,58,962,68,,3882.9,613.4774912,6813.1952,358.1794048,191,126,657,684516.87,1079,104925.7345,230.3854,376.6413,607.0267,3664,83843,18142,104766,121,173,45652.03188,73.88576265,49.9043251,38.350109,0.6186754,46.3903006,539.7231,10041,8261,,,19625.98472
Santa Cruz,20691,6587,6369,218,5313,545,,97161,817.512654,17395.0577,934.300176,457,301,3550,7019433.44,13583,810938.8579,1233.9447,1376.4475,2610.3922,11670,385643,33994,520048,285,606,117224.7465,250.9995739,165.9963298,79.7076457,6.7235412,151.733095,459.8954,58909,13421,2872,2277,59153.58682
Santa Maria,6443,1682,1634,48,1362,74,,14094.3,251.7377798,6024.6726,247.4549064,232,26,762,1617938.64,4671,234330.2841,367.7331,397.203,764.9361,4843,165829,19704,2902,80,270,44892.13932,132.999965,98.9983632,67.1695899,0.9596937,71.0058021,180.6633,,,,,13828.23275
Talagante,49957,6680,6538,142,5528,748,,149512.5,759.6843755,23114.6325,1662.531156,1196,374,2889,8628992.72,16601,1328829.548,3588.3,4210.272,7798.572,30828,524114,95645,817957,318,979,211343.6934,712.0000548,483.9958845,412.905681,124.6156785,282.7161765,962.8605,112703,33940,3877,2963,148666.5254
Talca,210339,35117,34552,565,30493,2072,83857.35,782185.9,4710.196186,117083.4257,6145.981521,6613,1667,16573,49719830.36,72144,7392235.202,11992.5482,20109.1149,32101.6631,103970,2367496,431863,4714578,1641,4332,705677.7506,5012.998594,1549.986138,3107.723724,311.8601233,1007.734531,2243.1528,442723,154949,9226,11870,705096.5208
Taltal,9564,959,921,38,774,107,,,161.618997,15140.4,294.570357,240,77,631,1185221.39,901,113779.2561,307.47,395.16,702.63,3679,293252,81648,242910,61,175,50119.83,135.999864,104.00034,68.11515,9.87123,88.84662,101.01,27518,6372,387,109,22007.09197
Teno,6729,4425,3888,537,2945,125,,33274.8,1485.522987,12705.8544,481.9191844,255,29,1802,7139610.94,8198,537253.6465,504.2412,414.6552,918.8964,13052,276249,15223,199362,128,338,84836.40624,165.9997865,88.997292,93.9219624,2.9025864,78.4312632,102.384,26652,7066,351,285,15984.71413
Tiltil,5168,1838,1696,142,1494,60,,5902,250.3359859,11508.9,239.8835439,164,33,613,3466437.85,2361,294326.7613,571.0185,445.601,1016.6195,6672,277497,20037,,77,220,51362.00745,92.9998797,70.998109,60.4910735,3.8407265,58.568497,275.9185,24849,7684,235,111,32450.80376
Tocopilla,23352,2588,2495,93,1929,392,,14391.6,124.343424,21656.9594,877.8645734,379,106,1266,13097142.72,3786,723612.2257,1295.244,1237.6776,2532.9216,9300,,,,162,436,87155.5296,202.0000179,176.9974912,128.3658762,18.0518636,150.4305976,208.6782,49454,13342,1242,1522,56486.90334
Traiguén,14140,2276,2183,93,1871,140,,41021.4,766.9607072,11982.1556,924.7043988,331,171,1013,1508372.91,2289,235123.2683,398.4936,974.7466,1373.2402,17097,235108,22302,86215,187,249,46945.47618,169.9999092,160.999228,72.099994,18.0220684,134.1829528,1623.2754,30611,10385,979,1842,43704.99335
Valdivia,127750,17321,16826,495,14377,1663,51561.6,1405590,1276.27572,80919.8163,4492.490534,2853,2002,7653,40254151.39,44553,5388092.454,6592.2171,18075.8874,24668.1045,65656,1343595,168445,2252534,933,2272,517774.3771,2062.00053,790.9957725,1264.033031,74.8476675,656.4948654,6395.4345,199906,68837,5542,9171,341665.5866
Vallenar,43750,6204,6092,112,4748,912,,38432,785.6010024,25595.712,1016.853072,779,285,2746,16259430.54,9998,1064238.631,1460.416,2622.984,4083.4,27093,362800,62279,166883,300,881,154404.4032,509.999846,268.99998,303.045928,27.637412,224.072972,1268.256,76433,22954,1894,3564,238744.9367
Victoria,23977,4197,3994,203,3394,237,,36851.1,987.140466,21316.6863,1645.23411,667,159,1883,3752729.09,4646,484105.8126,877.7262,2107.2129,2984.9391,11706,310841,27463,290640,198,438,96396.44742,433.9997598,232.999455,209.5889562,6.9213066,221.4516603,2358.4704,66721,23169,2202,3442,79513.25991
Vicuña,12910,2453,2399,54,2003,280,,31213,359.612176,14129.885,253.363124,154,29,1212,6526644.01,9586,632981.9263,823.543,725.102,1548.645,5433,253825,33501,147634,135,409,66443.1131,98.9997127,54.997306,56.819665,7.704809,42.375249,180.075,27879,7934,389,991,49196.43912
Villa Alegre,5456,1526,1493,33,1317,59,,22087.5,339.8750875,7640.8025,440.8230613,252,39,909,1786894.64,5081,320366.957,368.125,388.74,756.865,6958,175604,17893,154345,105,179,41725.0545,173.0000493,78.999625,77.1516375,6.923695,69.23695,95.7125,,,,,25478.20023
Villarrica ,27408,6454,6260,194,5664,364,,50084.1,905.338404,25119.4527,798.2066929,1209,233,2862,4802937.87,6863,581942.6679,1411.461,2709.0945,4120.5555,13767,511089,36118,295983,269,778,135652.3295,765.9994294,442.9984176,434.2564656,57.0913209,339.7295565,4808.0736,44136,11398,925,2604,121520.0521
Yumbel,8302,1965,1907,58,1644,138,,22547.8,568.419789,17162.9754,519.9545228,262,136,688,1198088.48,1625,181922.3145,563.695,592.3922,1156.0872,6095,237244,30786,341241,173,217,59317.1124,149.9998544,111.9969724,70.461875,3.9704626,102.2194264,200.8804,30781,9580,731,11428,33905.94248
Yungay,9288,2416,2346,70,1960,145,,,347.7942272,15806.8414,608.0964691,258,114,792,3752229.96,2625,310741.3241,507.7828,583.4458,1091.2286,5475,172607,18829,81731,130,208,53962.17904,148.0000227,110.0005508,45.6483286,5.826051,95.1806912,201.768,18484,5497,723,848,28081.01509