Comuna,Pob_Comun_2002,Conurbacion,Pob_Conurb_2002,vehicle,motor vehicle,Non-motorized vehicle,private transport,public transport,CO2(movil transport sources),Green spaces ,Iliteracy,Municipal spending(M$/hab),Unemployment,Crime reports,Arrested person,Companies,Sales,workers,Income(workers),Professional technicians,University Professional,Professionals,Solid Waste,Municipal spending for Power Consumption,Municipal spending for Water Consumption,"Municipal Spending cleaning services, garbage collection, landfill",Deaths,Birthrate,Year of scholarship,Offence Against Property,Offence Against the Person,Burglary,Robbery,Injuries,Indigenous,Emergency attendence,Respiratory Diseases,Cardiovascular Diseases,Hospitalizations,Street length
Ancud,39946,Ancud,27292,4533,4447,86,3637,497,,119838,589.922528,18115.511,309.7093272,458,356,2708,8970717.72,10416,837877.1162,978.677,1813.5484,2792.2254,17317,240368,67360,470216,243,590,109687.7214,260.99957426,197.0016882,117.6849106,10.6975388,174.0926572,2588.5008,46524,11988,741,2466,87265.97534
Andacollo,10288,Andacollo,9444,1032,1009,23,740,147,,74073.6,141.249096,6408.3952,282.498192,164,15,330,3255121.41,883,226680.0232,245.8832,237.6528,483.536,1861,130491,43117,1741,66,180,27733.15584,67.99997632,95.9993856,40.8042656,6.1203312,91.810112,47.3248,8182,2142,143,157,
Angol,48996,Angol,43801,5043,4867,176,4160,396,10434.9,78393.6,1237.61544192,24963.462,1288.1636352,667,203,2420,8489458.76,15306,1192680.7054,1097.5104,3101.4468,4198.9572,13913,530553,45594,413670,314,784,168536.4408,425.00012328,242.0010432,171.5986908,15.5954268,217.41975,1876.5468,116566,47440,1930,2748,128762.1758
Antofagasta,296905,Antofagasta,285255,42846,41381,1465,35200,3692,186838.65,,680.862546,155548.5295,5775.9839319,5830,1850,15075,151080625.83,82360,13245820.9916,20486.445,36073.9575,56560.4025,123137,2079290,1655983,6372096,1787,6128,1103889.82095,3769.9987423,2059.986271,2463.302023,497.375256,1250.8904555,5106.766,314862,105722,3624,9706,704497.64003
Arauco,34873,Arauco,16291,3631,3419,212,2797,202,,34873,974.21526657,24693.5713,987.2999649,515,168,1603,23219682.71,9695,1247243.7486,1210.0931,1398.4073,2608.5004,12357,351581,53472,372373,194,512,117703.00087,242.99959749,271.9989381,109.8464627,9.4645322,238.6254771,1234.5042,47231,13345,809,1171,52249.94643
Arica,185268,Arica,175441,29649,28909,740,23811,3379,62454.17,296428.8,1642.31003868,96876.6372,6046.9993056,3347,1478,12660,28031298.74,40970,3221089.8842,10856.7048,19082.604,29939.3088,112257,1831201,398469,1074983,1107,3634,782988.885,2166.99827808,1179.9904188,1492.6857492,227.5832112,842.3950692,24121.8936,132798,31272,3768,8024,478863.34213
Bulnes,20595,Bulnes,10681,1291,1119,172,753,92,,8238,342.091188,12130.455,639.2037198,293,94,1145,2715910.19,3607,339631.8647,607.5525,698.1705,1305.723,2439,171176,17154,224566,156,267,62907.0156,182.0000745,111.0008715,69.4648755,3.91305,101.751657,142.1055,33570,8835,696,1454,30090.38415
Cabildo,18916,Cabildo,11287,2249,2213,36,1896,142,,18916,472.7335392,8283.3164,248.84168244,205,54,1402,2569610.74,5045,350625.5576,618.5532,520.19,1138.7432,7002,170220,29844,225021,134,260,51387.2056,135.00008712,70.0005496,99.0555256,3.8456228,59.6270152,151.328,,,,,25885.99237
Cabrero,25282,Cabrero,18037,2656,2442,214,1991,93,,27810.2,904.16623368,16567.2946,969.615264,245,166,1075,3404244.63,4693,456755.2997,594.127,573.9014,1168.0284,8868,352804,19484,415848,135,369,78171.944,122.00006074,122.99693,74.1065984,3.7973564,112.113029,401.9838,38225,11672,541,,54181.97306
Calama,138402,Calama,136600,33236,31931,1305,24627,4272,124119.07,152242.2,160.477119,64398.4506,4381.0253487,3066,1187,6344,46853067.17,32200,4538646.5916,11404.3248,10933.758,22338.0828,44341,1099776,206834,3206887,598,2893,499827.75084,1990.99996326,1074.9960144,1330.8321114,146.2632336,832.349628,13148.19,100945,26479,3026,3979,392271.07453
Calbuco,31070,Calbuco,12165,1150,1109,41,915,117,,15535,1270.26588,18262.946,242.4090721,344,316,967,3703294.72,3238,413770.0177,695.968,742.573,1438.541,17257,94841,14353,337008,203,465,103525.24,176.9998867,167.00125,103.487956,7.664969,146.610009,2460.744,42877,13649,94,774,
Caldera,13734,Caldera,12776,3572,3466,106,2848,403,,75537,123.2873712,8686.755,199.197936,461,131,803,2474054.78,2889,270992.4348,546.6132,726.5286,1273.1418,8250,179211,72756,,68,284,46435.3407,336.99994776,124.0001658,217.1441538,9.606933,103.767237,373.5648,36319,9678,189,,66158.71639
Cañete,31270,Cañete,19839,2756,2607,149,1974,230,,96937,1140.2117688,17576.867,857.2808088,535,133,1519,2792989.52,4407,348338.5526,687.94,1131.974,1819.914,6984,304777,26693,327013,214,550,103686.3168,273.9999353,260.998182,130.818045,20.347389,226.745024,3173.905,53503,15483,565,2304,
Carahue,25696,Carahue,9459,1637,1589,48,1279,96,,28265.6,770.6024832,14605.6064,557.1201152,398,64,893,867991.61,558,108197.0097,334.048,750.3232,1084.3712,8888,183171,43520,252184,173,338,64324.28288,202.0001104,195.99624,109.3082144,1.9683136,187.105424,3348.1888,,,,,32517.58671
Casablanca,21874,Casablanca,14437,2897,2494,403,1886,142,,91870.8,471.920613,22283.0438,289.775815,343,186,1312,32912652.71,5304,980390.6153,1113.3866,909.9584,2023.345,9606,515234,34305,213971,128,327,72253.32184,244.0000952,98.9973492,117.408695,6.4681418,79.5054278,201.2408,39182,12249,2790,3,54071.88289
Castro,39366,Castro,29148,5241,5154,87,4129,555,,,852.844707,26528.7474,480.6942894,543,367,2591,9860524.87,11504,751173.4601,1417.176,2554.8534,3972.0294,12011,301044,52617,826028,275,776,141550.2945,378.99970794,163.998756,210.4663824,8.2353672,136.3480776,2905.2108,55930,17063,1609,2866,75008.9555
Catemu,12112,Catemu,6706,1236,1177,59,1015,66,,1211.2,232.48984,7287.7904,287.0192752,221,35,695,700983.04,1611,114318.5184,329.4464,329.4464,658.8928,4446,92795,8704,156556,73,197,40552.7928,120.99997008,99.9990944,66.6450688,1.9306528,73.404776,95.6848,,,,,17868.28533
Cauquenes,41217,Cauquenes,30771,6068,5974,94,4750,620,,65947.2,1746.281856,22001.6346,694.4198943,679,119,2899,3193830.85,6712,482564.1755,927.3825,1541.5158,2468.8983,12805,354192,104380,593486,331,538,122270.2305,352.00018689,326.9991912,153.2241975,25.5380532,281.9036715,280.2756,72151,27644,1857,1905,87666.18793
Chañaral,13543,Chañaral,12086,3247,2890,357,1929,372,,2708.6,111.09024954,7826.4997,557.876799,223,80,778,3021557.89,3907,521397.6466,369.7239,591.8291,961.553,4716,110285,63772,107,80,249,50732.61972,139.99981449,82.9996298,91.0726121,6.9299531,70.2841071,207.2079,,,,,49882.72379
Chimbarongo,32316,Chimbarongo,13795,3059,2933,126,2406,169,,,1139.54068788,12716.346,736.7207784,347,137,2315,3387342.29,10336,453999.1088,698.0256,717.4152,1415.4408,8389,212520,19601,274857,189,432,97557.80292,203.9995974,142.9983,122.865432,10.6384272,125.7674088,248.8332,32941,6994,349,224,29413.67732
Codegua,10796,Codegua,5113,2989,2934,55,1566,1296,,,,9828.6784,258.1690664,256,51,487,1805162.43,3613,154854.6627,296.89,264.502,561.392,2596,77725,10406,35324,65,159,31032.88608,168.99993624,86.999566,115.2462204,7.6187372,74.2894352,186.7708,15738,6642,525,0,14807.53364
Coelemu,16082,Coelemu,9845,2130,2030,100,1600,193,,,466.313672,9046.125,328.539178,177,126,973,1851512.7,2407,221230.0477,368.2778,498.542,866.8198,4642,115612,24663,288616,123,197,49672.15176,80.99988776,95.9998908,34.9831746,,94.9513444,210.6742,26515,8300,28,927,22518.40897
Coihaique,50041,Coihaique,44850,8858,8750,108,7318,717,17711.63,100082,1048.12625935,30454.9526,411.83743,814,217,3373,10715704,14159,1289161.8676,2462.0172,3622.9684,6084.9856,24329,,,,,,185287.81152,450.9995166,362.997414,222.3771999,19.0005677,322.163958,4143.3948,62103,17879,947,2943,117778.10956
Coihueco,23583,Coihueco,7230,2241,2163,78,1885,77,,14149.8,1061.19679554,10720.8318,520.4013444,183,52,1191,1607536.2,4056,232941.8493,398.5527,429.2106,827.7633,5304,184453,13897,205986,141,371,59833.60845,95.99978976,87.0000453,29.2523532,4.8746061,78.012564,282.996,,,,,18172.12086
Collipulli,22354,Collipulli,14240,2860,2729,131,2164,150,,11177,630.04771354,12484.709,492.738045,236,168,938,1329614.31,3893,219246.3864,315.1914,684.0324,999.2238,7670,263122,19023,290894,162,378,52661.10612,109.99978674,125.998321,72.2615404,14.8475268,104.9274406,1479.8348,45165,16000,862,769,41415.5201
Combarbalá,13483,Combarbalá,5494,1063,1049,14,862,85,,2696.6,349.54664017,11236.7322,83.6781946,112,15,552,529519.65,2024,96397.2559,246.7389,339.7716,586.5105,2586,192559,54989,,99,164,35936.50956,62.99985682,48.9999186,40.3290013,5.0412937,42.3447098,66.0667,3576,725,133,378,18299.61423
Constitución,46081,Constitución,33914,5475,5056,419,4068,350,,27648.6,851.57688,27353.6816,1377.85139184,762,117,2548,16358364.12,12585,1087330.1596,1792.5509,1820.1995,3612.7504,15931,378592,70004,593413,239,706,116995.0509,456.99956211,304.9963147,281.7161935,31.3028233,241.8745609,608.2692,70949,20738,862,2381,71545.44991
Copiapó,129091,Copiapó,134561,18359,17896,463,14971,1937,65143.32,271091.1,1630.12887525,56154.585,2928.46160775,3929,947,6624,77797058.54,48928,5654593.3326,6674.0047,12560.5543,19234.559,41588,1284884,416534,2894124,772,2871,503143.79069,2862.99956165,1065.9818416,1846.2078456,259.3180008,668.4590162,3601.6389,131690,35064,3179,5938,358942.83208
Tierra Amarilla,12888,Copiapó,134561,2937,2824,113,2168,252,,6444,237.48885144,10680.2856,227.57282424,227,41,496,4418030.92,7565,418184.2504,310.6008,295.1352,605.736,6485,173811,79645,52825,65,225,38834.766,128.00000736,98.999172,94.282164,3.847068,91.3965408,417.5712,,,,,21246.689
Cunco,18703,Cunco,7316,1849,1792,57,1524,125,,50498.1,467.3711373,8934.4231,361.8357192,112,23,747,2692040.18,1061,127162.8675,314.2104,555.4791,869.6895,11453,121840,17142,186110,139,192,58757.3448,54.99972507,56.9973925,29.4852795,1.963815,52.0953362,1191.3811,,,,,32178.09227
Curacautín,16970,Curacautín,12412,1731,1703,28,1448,65,,16970,484.9849512,11963.85,554.878272,210,56,1164,994459.97,1086,124382.0527,356.37,614.314,970.684,5403,183882,12098,86451,116,189,53099.13,105.0000083,105.000178,56.267429,6.029441,99.473049,672.012,23787,7191,304,597,59036.91664
Curacaví,24298,Curacaví,15645,5414,5226,188,4370,266,,21868.2,512.104648,16233.4938,445.99659344,303,196,1442,2527588.06,4016,347488.5535,1263.496,1115.2782,2378.7742,5760,172953,39617,319216,155,386,79490.907,165.99980534,136.9994134,104.858019,11.3325872,114.3050814,415.4958,43997,11733,1995,442,52647.85094
Curanilahue,31943,Curanilahue,30126,2418,2295,123,1699,318,,19165.8,923.983218,25327.6047,1334.642426,464,341,1262,4347825.16,5543,579902.6844,817.7408,1108.4221,1926.1629,11956,276377,15660,277041,192,528,87014.64858,272.99989121,190.9999742,87.2874418,16.8595154,170.6107573,1661.036,66679,16655,1207,4210,73356.99299
Curicó,119585,Curicó,104124,14074,13742,332,11713,1301,31890.48,538132.5,2656.006767,69825.6815,3639.712977,4133,697,8506,35466596.65,49768,3386262.606,5907.499,7677.357,13584.856,41243,1106243,175918,2407317,765,2136,305258.65025,3400.99859585,732.003702,1890.0050495,110.5563325,523.256126,1363.269,234321,83420,5578,5914,378125.76083
Rauco,3114,Curicó,104124,2126,1859,267,1590,46,,,,,,96,15,508,548455.5,2028,93183.2988,,,,4491,145870,25909,92773,54,93,,,,,,,,,,,,11746.8502
Romeral,3675,Curicó,104124,6077,5590,487,4986,180,,,,,,162,36,1130,7350251.51,18566,863793.1609,,,,6741,143215,17696,25480,57,175,,,,,,,,,,,,14184.77262
Diego de Almagro,18589,Diego de Almagro,7951,1675,1597,78,1242,211,,39036.9,114.043515,10348.4963,669.055288,253,86,672,2456214.29,2777,432104.2008,992.6526,1455.5187,2448.1713,2880,121241,75732,780,57,267,61366.0068,150.99974823,101.9997019,88.9576595,7.4132932,96.3690938,526.0687,,,,,61833.57361
Doñihue,16916,Doñihue,7402,3216,2976,240,2448,166,,35523.6,,9606.5964,514.03495,225,56,861,4652810.77,5733,680885.2058,681.7148,531.1624,1212.8772,4901,174266,32735,236304,102,266,57043.45856,147.00004,77.999676,69.2490292,5.6905424,65.4530788,184.3844,20743,5306,506,,26618.86783
El Monte,26459,El Monte,22284,3979,3681,298,2765,343,,42334.4,407.0611314,20368.1382,959.5012383,519,129,1111,5633676.37,4310,442041.009,963.1076,1034.5469,1997.6545,12621,170150,23423,69431,185,539,95766.76296,379.99965997,138.9997106,253.344925,22.7706154,102.475707,470.9702,27788,10929,657,,23336.81834
Algarrobo,8601,El Quisco,18581,13506,13432,74,13279,155,,5160.6,120.48143184,28951.8261,197.0936352,308,142,610,1454706.55,1391,163607.3648,455.853,578.8473,1034.7003,4098,337630,26697,125630,68,126,31153.51008,237.99990519,70.0000986,165.7369695,2.7316776,57.3695301,205.5639,28701,8945,296,,204456.85529
El Quisco,9467,El Quisco,18581,7758,7707,51,7456,183,,12307.1,69.9999447,20873.7883,226.33315453,467,220,748,909519.1,981,98318.0178,531.0987,528.2586,1059.3573,4739,318463,28776,27690,71,134,36784.0285,383.99998065,83.0000291,298.6052739,12.628978,59.5398564,299.1572,59706,14838,481,,211545.93235
El Tabo,7028,El Quisco,18581,7508,7485,23,7254,154,,14758.8,43.1505144,17312.7752,83.903778,162,66,500,2033295.73,671,71095.435,376.7008,409.0296,785.7304,3535,169776,21641,96028,42,90,23868.845,139.99993868,21.9990456,114.8719572,1.8083044,18.0893692,118.0704,,,,,211330.55097
Fresia,12804,Fresia,6144,953,928,25,771,51,,5121.6,421.29628596,6820.6908,237.9969108,136,60,653,862074.65,955,96634.1485,222.7896,293.2116,516.0012,7037,103886,13967,,104,110,33812.163,59.99992812,75.998142,30.7052724,6.9320856,64.3797924,777.2028,17567,4628,64,466,17578.87297
Frutillar,15525,Frutillar,9118,1634,1597,37,1340,122,,304290,368.6256,11218.365,397.424475,155,76,1010,2784096.22,3154,289469.3156,490.59,569.7675,1060.3575,20834,173412,20797,25000,114,259,42894.17775,72.99994725,81.9983925,39.09195,,74.367855,995.1525,15865,5062,522,63,27194.2268
Futrono,14981,Futrono,6603,1208,1160,48,956,102,,19475.3,423.48949964,8936.1665,243.77143124,189,75,576,1041943.37,1400,167829.7843,289.1333,402.9889,692.1222,7012,104559,12361,294177,88,201,49292.73335,109.99994003,78.9993073,43.6156834,2.9078121,71.7245337,1712.3283,16371,6720,183,,14279.20947
Gorbea,15222,Gorbea,7852,1332,1281,51,1120,48,,74587.8,346.4892528,9626.3928,641.00511768,292,59,846,1417428.07,3121,156162.5927,375.9834,506.8926,882.876,13695,115502,12822,138952,129,172,41287.3917,163.99984914,127.9987536,78.8301714,25.6201482,98.5365726,907.2312,,,,,40872.80403
Chillán,161953,Gran Chillán,165528,19884,19491,393,17207,1143,66921.26,210538.9,3193.03781599,64036.2162,5184.91395829,3506,1579,10071,36971774.07,45256,4092354.9489,8000.4782,16227.6906,24228.1688,52726,1369066,232746,2059587,1136,2543,515820.305,2802.00067796,703.9773004,1746.2906131,124.0883886,526.509203,1635.7253,252108,84018,5943,11018,512158.5753
Chillán Viejo,22084,Gran Chillán,165528,6716,6538,178,5168,929,,48584.8,392.9715296,13705.3304,422.44439432,427,106,622,1409385.01,1898,159188.8735,980.5296,1104.2,2084.7296,8768,257788,26309,135274,108,371,79198.745,328.99992344,97.99775,169.1899408,19.3080412,57.0076376,280.4668,,,,,1686.76156
Chiguayante,81302,Gran Concepción,848023,11858,11639,219,10593,725,52155.1,138213.4,1193.8995445,45090.0892,2148.40535,1207,252,2354,3983982.6,7918,729413.4173,5211.4582,8926.9596,14138.4178,34643,558891,38437,1470258,389,1211,305784.9522,681.99938794,524.9995348,457.2505782,126.1075322,332.9642108,1959.3782,86075,33123,951,,170185.21529
Concepción,216061,Gran Concepción,848023,41565,40919,646,38061,1369,172570.63,799425.7,1909.35482371,148196.2399,9746.88117431,6016,4921,17980,101598029.25,125749,14420333.5415,15945.3018,37681.0384,53626.3402,87471,1969484,92753,3144720,1257,2743,943722.03885,4089.99799963,1925.967754,2665.1988594,486.2668866,879.6059371,4818.1603,305739,90436,5386,11247,667899.21002
Coronel,95528,Gran Concepción,848023,6199,5792,407,4428,716,75463.12,191056,1439.07009264,60039.348,4417.53760464,1438,503,3416,29751164.25,23424,2291784.9877,4336.9712,5397.332,9734.3032,32283,1206705,229665,2125533,555,1651,354838.756,871.99964488,566.0034,577.0942008,103.5236936,404.5419744,2923.1568,197067,73181,3521,4200,260031.89036
Hualpén,86722,Gran Concepción,848023,,,,,,44784.43,,,,,,,1249,6746929.82,5857,756504.1477,,,,25877,669858,50172,1474682,470,1314,,,,,,203.6319282,,80188,33299,1263,,223695.54084
Lota,49089,Gran Concepción,848023,2762,2626,136,1848,494,9570.7,73633.5,848.846988,44185.0089,2392.205148,805,445,1556,5728198.08,5002,706512.2121,2086.2825,1953.7422,4040.0247,15275,375725,67539,892011,312,780,137975.43408,424.99979886,379.997949,318.4010718,45.6282255,324.3506586,1654.2993,75064,21527,1346,2806,94732.40266
Penco,46016,Gran Concepción,848023,3385,3257,128,2570,380,33848.47,50617.6,684.5524224,25722.944,1532.0935168,679,229,1420,2308446.26,3900,368703.8919,2217.9712,2894.4064,5112.3776,14081,322560,38458,623182,270,751,176789.79072,304.99956992,373.99504,193.4190528,62.23664,274.8167552,837.4912,71558,23949,1929,1256,542.09242
San Pedro de la Paz,80447,Gran Concepción,848023,15894,15424,470,13803,1026,94625.46,402235,1161.6466353,40424.6175,2543.975481,974,353,2883,40796046.73,24619,2335019.1785,4923.3564,11061.4625,15984.8189,33741,956916,75151,1358696,428,2106,294375.68475,585.99927763,388.0039257,424.3096568,180.9011689,178.0613898,2727.1533,119649,51632,1913,,277550.79689
Talcahuano,163626,Gran Concepción,848023,22991,22249,742,19419,1606,90361.55,572691,1328.3240493,73140.822,5330.6978223,3865,2753,7795,88464770.8,54949,9252783.8769,12353.763,14529.9888,26883.7518,51566,1013318,224715,3354143,952,2084,632015.24256,1311.76182558,1214.3667216,887.0001834,414.8900856,697.7667144,3272.52,282743,91222,5988,1714,395515.83169
Tomé,52440,Gran Concepción,848023,3554,3492,62,2843,461,9668.5,183540,938.1925032,73982.352,2270.106624,695,354,1971,10354367.9,9440,1270191.1581,2254.92,2905.176,5160.096,16745,329354,108678,415589,334,691,184276.782,321.9994296,372.995232,151.252692,40.98186,311.294328,587.328,88611,27792,1787,3414,137780.71668
Alto Hospicio,50215,Gran Iquique,214586,,,,,,,,,,,,,1323,2600763.75,2984,216069.8315,,,,52118,675265,178492,1024763,195,1886,,,,,,231.29029,,130739,36545,1724,,156956.41171
Iquique,166204,Gran Iquique,214586,,,,,,93258.19,182824.4,394.2026472,125733.326,6570.04412,5120,2657,12622,112813293.69,62071,5566590.7987,10038.7216,17684.1056,27722.8272,113279,1481510,519307,3816525,1027,3530,759319.5944,2722.46473304,1209.54961,1827.41298,232.7853224,765.535624,9772.7952,256539,75619,4616,11623,347137.43278
Coquimbo,163036,Gran La Serena,296253,14430,14249,181,11210,2195,62279.32,472804.4,1600.116822,129939.692,3905.4703174,4347,908,7755,24340368.08,41602,3489266.4409,9178.9268,12879.844,22058.7708,75463,2154076,324021,2571611,1068,3466,681816.552,3186.0006012,1160.9956596,2310.383156,258.7707392,726.080826,1679.2708,214135,52458,2419,11867,493142.56597
La Serena,160148,Gran La Serena,296253,27281,27123,158,24395,2462,84178.04,528488.4,1376.38237712,115194.4564,5004.50328752,4688,941,8923,41100482.57,43124,5036799.2169,12411.47,18529.1236,30940.5936,61370,2701262,147911,2666151,993,3246,665895.384,3411.99798144,1275.97919,2289.71603,397.7115432,649.560288,1713.5836,185479,63015,3421,5218,496726.13137
Puerto Montt,175938,Gran Puerto Montt,175140,24672,24052,620,19733,2704,73766.26,52781.4,3049.60724796,100319.8476,2982.500976,2616,2802,11715,114668284.87,93313,9990903.8772,10169.2164,12737.9112,22907.1276,102617,1846950,144457,2613231,1089,3695,629847.48372,1692.9985926,923.0059356,1003.5679458,93.9157044,694.1985666,8005.179,305406,113048,3977,10098,521357.54058
Puerto Varas,32912,Gran Puerto Montt,175140,5783,5613,170,5027,389,,,620.8815888,28646.6048,743.97576,406,278,2809,12152754.5,10918,1174684.4419,1464.584,2642.8336,4107.4176,17517,471805,47152,608217,196,746,108291.67008,254.99987216,151.000256,139.4218144,10.3606976,124.3481184,1398.76,25435,11129,232,,101482.74583
Hijuelas,16014,Gran Quillota,128874,2073,2028,45,1573,208,,20818.2,413.50998492,8532.2592,337.69010052,79,27,1198,6254323.77,7674,553439.8761,462.8046,349.1052,811.9098,6246,92871,8284,197390,79,238,49311.9102,31.99981536,46.9994886,18.0621906,1.8992604,39.9245034,110.4966,,,,,7986.44944
Calera,49503,Gran Quillota,128874,,,,,,,,,,,,,,,,,,,,,,,,,,,464.00003451,,,,,,,,,,
La Cruz,12851,Gran Quillota,128874,2431,2347,84,2043,106,,3855.3,144.380985,840.4554,317.15689705,98,21,1043,1858916.07,3198,217253.4596,673.3924,740.2176,1413.61,5210,82110,5063,112514,76,231,48260.00285,70.00003955,27.9984737,48.2259477,1.8916672,24.5852481,115.659,,,,,13072.20588
Quillota,75916,Gran Quillota,128874,10507,10389,118,9120,734,,235339.6,398.77232396,51653.2464,2034.02573876,1000,361,5062,16127206.53,19820,1381328.922,4699.2004,6194.7456,10893.946,29099,544532,26674,842411,594,1258,260543.712,683.9993642,316.00035,396.2359704,31.656972,250.408926,683.244,11736,21039,1449,4868,210035.21912
Machalí,28628,Gran Rancagua,239290,6178,5990,188,5326,292,,17176.8,658.150563,16461.1,799.72318,521,63,1131,1879835.15,7264,403662.9989,1620.3448,2212.9444,3833.2892,8528,398223,92334,615237,172,692,96052.6656,366.99979508,153.9957376,224.5923856,10.334708,133.4408336,406.5176,16263,6355,214,,105012.06304
Olivar,12335,Gran Rancagua,239290,2514,2287,227,1864,62,,51807,,6145.297,255.1556425,106,16,717,3783538.87,6492,442920.2646,361.4155,287.4055,648.821,3120,122940,46246,23120,65,190,30233.8251,59.999907,45.999682,30.5599625,2.8654205,41.065682,256.568,,,,,12182.5779
Rancagua,214344,Gran Rancagua,239290,33785,33209,576,28885,3089,81299.66,,2181.807576,95447.3832,6713.25408,4837,2322,10464,150222312.31,86027,8272798.0604,15947.1936,17361.864,33309.0576,78094,1691067,429582,3573109,1321,3823,821501.24472,3229.99903512,1607.0012712,2066.7262824,549.2565,857.91186,3386.6352,238749,60045,7763,7148,582930.57597
Cartagena,16875,Gran San Antonio,106255,2697,2622,75,2023,425,,6750,260.9145,30906.5625,616.707,429,347,1092,1446847.83,1625,165857.1512,801.5625,735.75,1537.3125,7891,296660,28931,56172,117,221,42511.5,335.99998125,92.9998125,275.8708125,8.2485,68.7369375,268.3125,42093,12530,545,,76651.91895
San Antonio,87205,Gran San Antonio,106255,7765,7203,562,5116,1298,32601.69,191851,1206.097473,62089.96,3846.473022,1692,798,5069,16555138.94,15604,1603763.9972,4874.7595,4220.722,9095.4815,32918,815069,63892,1357267,577,1307,266760.095,1095.9994164,596.0025725,850.9027875,142.1354295,353.4157035,1421.4415,17339,45046,2286,3573,247011.21674
Santo Domingo,8914,Gran San Antonio,106255,14500,13895,605,12626,305,,,,,,163,24,913,13102557.48,2471,350345.2089,,,,2971,181579,43211,361075,53,131,,,,,,,,,,,,122741.85585
Buin,63419,Gran Santiago,5638820,8334,8145,189,6792,685,,139521.8,893.4151625,33193.5046,1633.67344,964,466,3461,25866201.29,33630,2495196.766,3405.6003,3545.1221,6950.7224,22920,469767,94002,1300313,396,1268,175569.1596,644.00028511,319.9932483,360.029663,54.2803221,226.6785317,1236.6705,132397,36249,3413,1883,168901.47934
Calera de Tango,18235,Gran Santiago,5638820,6103,5663,440,4855,175,,12764.5,380.82466345,20388.5535,343.41556095,379,68,1048,4753650.72,6526,489338.0263,966.455,1659.385,2625.84,9323,305761,14312,299516,113,330,70329.1127,263.99994775,114.9990275,194.866504,34.4404445,64.3494915,160.468,,,,,62136.79681
Cerrillos,71906,Gran Santiago,5638820,23615,23340,275,20891,1490,132367.48,496151.4,707.52843478,51801.0824,2753.1441186,1081,1952,3132,71177332.65,36512,6866767.5734,4781.749,5328.2346,10109.9836,37384,670617,178458,1688365,421,1184,235628.7714,569.99958106,510.9927984,418.313155,237.6061864,224.6271534,2286.6108,48070,17454,807,,
Cerro Navia,148312,Gran Santiago,5638820,10725,10686,39,9332,1097,23535.82,385611.2,2210.3827232,54504.66,5615.5669184,2118,663,4169,8515579.61,8994,1036233.0903,5190.92,4137.9048,9328.8248,55710,424383,88492,479822,891,2019,537328.44352,753.99892744,1363.9809704,513.5451312,404.8620976,826.6614256,9862.748,143173,48484,3729,,
Colina,77815,Gran Santiago,5638820,24709,24403,306,22265,831,86806.6,85596.5,1132.9474925,55972.3295,1531.010125,1221,642,3047,39599121.91,26755,3027203.7835,3081.474,4318.7325,7400.2065,36265,849085,132398,2087500,376,2054,272177.41625,598.9996381,621.9986395,366.7810025,139.460043,379.4492845,2412.265,57287,26585,1642,0,163473.98693
Conchalí,133256,Gran Santiago,5638820,13638,13246,392,10711,1350,65070.52,266512,1226.0085024,57046.8936,2730.6553008,1685,1101,5153,73238848.35,39656,6403979.5296,8888.1752,7702.1968,16590.372,46296,660850,107837,2081240,895,1786,375973.80864,723.9998364,960.9889696,525.8814784,400.8207224,485.8913528,3637.8888,195109,69186,3341,,
El Bosque,175594,Gran Santiago,5638820,13920,13270,650,10353,1551,58111.46,316069.2,2006.52317364,60386.7766,7151.2763628,2696,980,5424,12355585.32,15304,1912029.7505,9798.1452,9482.076,19280.2212,70534,730275,207600,3299524,967,2498,536141.1602,1279.99773082,1415.990016,978.9716688,668.4687986,611.1373576,6251.1464,159304,64265,2464,,
Estación Central,130394,Gran Santiago,5638820,15515,15515,0,12174,2074,127629.01,417260.8,1243.6784129,87494.374,4779.200888,3483,3355,6685,72425222.81,59363,8559665.4388,9988.1804,12413.5088,22401.6892,56723,1894261,228627,1982864,874,1768,531045.21228,2012.99910108,1469.9837196,1035.067572,581.5833188,652.7784428,4146.5292,84041,32370,1237,,11800568.66901
Huechuraba,74070,Gran Santiago,5638820,11876,11750,126,10917,418,65031.8,148140,702.33174,84899.034,2901.907053,757,472,3617,266590315.52,140642,19082140.003,3733.128,5681.169,9414.297,38068,866348,239390,1915470,422,1567,236642.5395,403.9992603,352.995399,265.400217,116.58618,193.367142,3073.905,50057,15654,796,,
Independencia,65479,Gran Santiago,5638820,9995,9893,102,8324,1011,80949.78,209532.8,280.839431,40498.7615,1656.9526429,1685,624,4557,39304461.62,34862,4235754.6441,6161.5739,7693.7825,13855.3564,34492,343770,40623,2497933,867,1139,247646.81632,869.9998293,814.9974693,574.8859763,241.1788007,479.240801,1132.7867,251034,46446,8648,15789,
La Cisterna,85118,Gran Santiago,5638820,12686,12236,450,10146,1196,119545.9,144700.6,279.3232288,42618.5826,2719.90994044,2393,930,5924,21484072.77,27558,2510431.2223,7541.4548,11141.9462,18683.401,38680,365433,76320,1060413,682,1121,397927.50118,1255.99950564,1136.9892204,763.1764998,602.763117,354.51647,1898.1314,33651,10029,1095,,
La Florida,365674,Gran Santiago,5638820,34779,34578,201,31444,2624,226231.3,987319.8,2708.5107506,141259.8662,9081.4772226,5788,7346,14130,41519019.38,42486,4580487.7677,33130.0644,46806.272,79936.3364,160123,1666818,468038,5131547,1869,4730,1561256.11322,3038.99594158,2748.954295,1969.4470292,1215.5735108,881.0183682,11628.4332,310387,107721,7614,247,
La Granja,132520,Gran Santiago,5638820,8612,8527,85,6834,1373,97225.24,145772,2873.5252492,45533.872,5535.2027012,2649,748,4244,13120299.64,10350,1257919.3062,5897.14,5844.132,11741.272,51952,906016,169712,1658197,764,1923,510981.2176,905.9981588,1742.982552,630.609672,810.638092,581.855564,5075.516,152988,57261,2735,,
La Pintana,190085,Gran Santiago,5638820,12923,12526,397,10786,793,91204.76,494221,3185.44443,55865.9815,8342.83065,2469,954,3800,9858492.61,10937,1222852.9216,4828.159,3953.768,8781.927,54528,891216,162855,1905937,895,3274,703970.29325,981.00017225,1487.98538,749.9803675,535.9826745,773.113712,11842.2955,185369,78674,2877,,969.72082
La Reina,96762,Gran Santiago,5638820,27563,27271,292,26029,1045,92675.91,299962.2,214.231068,70907.1936,3556.2357288,2610,1344,5451,23449090.01,23510,3516978.3971,8766.6372,29628.5244,38395.1616,42525,579716,91069,1315308,562,1006,495784.2975,2076.99923286,533.0038008,1673.837457,220.859265,269.3950842,1751.3922,28792,7829,205,,16.62916
Lampa,40228,Gran Santiago,5638820,,,,,,45337.91,40228,678.2762624,35473.0504,1015.87285664,,,2379,58581336.61,27022,4558111.1287,1407.98,1910.83,3318.81,24784,,,,,,121514.30592,414.00002552,287.9962748,270.2597496,59.5615768,183.13797,1456.2536,93496,35686,1892,,176242.13645
Las Condes,249893,Gran Santiago,5638820,69446,68674,772,67471,1592,244205.06,,117.0498812,640275.8446,4436.19049748,8580,2902,34176,2543880392.7,552723,118555430.4882,22665.2951,97958.056,120623.3511,110609,2605439,393724,7572072,1615,3702,1283170.56784,7232.99795134,1346.9732486,5108.8374813,403.2773234,751.5781868,3148.6518,58294,13188,1095,,283.20867
Lo Barnechea,74749,Gran Santiago,5638820,25044,24760,284,24052,500,48932.23,627891.6,301.3206939,149146.6797,1134.97461369,669,335,4737,39237347.28,16876,2582171.422,4200.8938,17977.1345,22178.0283,52079,1144841,122660,4046715,291,1300,312813.35265,502.00008169,166.989266,350.8344315,29.077361,103.6170638,1831.3505,64962,18083,349,,8427.60317
Lo Espejo,112800,Gran Santiago,5638820,9698,9453,245,7196,1662,72985.99,180480,2148.276,43585.92,2917.358808,2201,584,2927,4990443.21,6535,737074.8721,4038.24,3147.12,7185.36,42114,487440,189277,1522945,771,1625,369844.128,830.998728,1369.98984,640.44456,612.30096,572.08776,4252.56,14175,57691,4145,,
Lo Prado,104316,Gran Santiago,5638820,12913,12854,59,10689,1615,26978.66,187768.8,903.585192,39535.764,4292.029662,1837,747,3304,10960397.68,5695,566573.2261,6123.3492,6081.6228,12204.972,38212,520598,143509,1005523,622,1428,372633.44256,816.99978252,1019.9914164,523.8540888,297.6239796,636.4632108,5090.6208,13617,49196,2416,,
Macul,112535,Gran Santiago,5638820,23104,22925,179,21240,1030,145291.83,450140,295.877022,66755.762,3205.334405,2044,1011,5277,79770142.24,45569,6688236.1553,10555.783,16947.771,27503.554,47763,744257,138810,1350103,739,1499,446752.6965,1289.99883315,753.9845,974.4068045,322.4240285,329.524987,3837.4435,34633,13001,1651,,
Maipú,468390,Gran Santiago,5638820,41849,41351,498,37287,3020,250251.92,1733043,985.96095,311526.189,14375.310651,7505,4493,17192,96957698.83,56047,8241386.7891,44778.084,41733.549,86511.633,230719,5650241,28007,6668494,2014,7252,1619879.976,4104.9933795,3399.949332,2557.4094,1292.147493,1361.797086,12365.496,312212,89870,6613,1095,
Ñuñoa,163511,Gran Santiago,5638820,28578,28188,390,27638,414,202687.38,408777.5,221.9171292,109029.1348,3913.13871156,5379,1881,12628,125382972.22,179288,20007593.4808,18525.7963,51293.4007,69819.197,61458,,,,1345,2645,806583.4119,4028.00028373,1350.9932864,2982.6205021,597.7308116,614.0165072,2354.5584,100175,25429,2619,,
Padre Hurtado,38768,Gran Santiago,5638820,,,,,,,15507.2,640.2302592,29017.848,1798.7421568,708,125,1545,9173508.6,5607,887165.7726,1791.0816,1612.7488,3403.8304,19883,302538,79450,616107,206,705,135599.99664,480.99961584,226.9943936,340.2240912,57.7875808,143.5423968,1248.3296,61769,21804,1940,,106572.01165
Pedro Aguirre Cerda,114560,Gran Santiago,5638820,18755,17893,862,14043,2153,55183.97,103104,1535.87728,86412.608,5410.58288,1331,322,4184,12386508.09,9425,1056228.883,6449.728,6976.704,13426.432,45669,434496,134965,1169415,,,422485.824,623.9991552,706.984128,468.573312,313.401792,329.852608,3333.696,132105,44859,2666,,
Peñaflor,66619,Gran Santiago,5638820,4376,4284,92,3845,110,,19985.7,1199.741571,30518.1639,2076.88596402,1451,349,3087,5660673.21,8227,865394.5886,3883.8877,4123.7161,8007.6038,34311,681791,79592,618984,412,1233,192648.8242,974.99970974,475.992755,598.838191,133.171381,297.0874305,1225.7896,127350,40675,2071,961,172240.71132
Peñalolén,216060,Gran Santiago,5638820,23831,23616,215,21185,1840,124011.26,626574,2547.541854,78062.478,6132.97113,3616,1630,7556,33480560.14,22204,3198860.9571,12963.6,20158.398,33121.998,97398,1482010,654246,3145553,1102,3899,736883.433,1866.0000294,1749.999576,1340.090544,504.780978,1021.9638,10716.576,248587,72305,4542,4260,
Pirque,16565,Gran Santiago,5638820,20102,19653,449,17676,1055,,16565,222.9367395,40238.0415,473.49396,152,52,891,9152197.67,3508,345715.857,987.274,1719.447,2706.721,6028,308664,26077,283460,106,281,53718.3072,116.0000568,36.0007145,90.5923285,4.575253,27.451518,223.6275,,,,,49364.11446
Providencia,120874,Gran Santiago,5638820,60332,59800,532,57091,2476,237489.86,725244,,406281.6888,3274.174475,10362,1450,32670,851269097.48,459236,77952216.6049,11507.2048,52012.0822,63519.287,67178,2105702,214813,4004066,1109,1897,662220.2964,8384.9991615,1976.9909692,5229.3476872,998.0928802,630.3699974,1426.3132,137721,23106,2852,12875,
Pudahuel,195653,Gran Santiago,5638820,15165,14977,188,12519,1919,77570.95,430436.6,1407.6059432,80706.8625,5042.54129064,2645,895,6449,96372672.24,40016,6799517.7864,10780.4803,8804.385,19584.8653,105671,1017125,253691,3669754,903,3664,694020.3216,1211.99989992,1432.9821373,767.7032414,488.2129309,650.0375272,8765.2544,281261,88362,4789,,73923.21885
Puente Alto,492915,Gran Santiago,5638820,41515,41247,268,37084,3307,165433.45,739372.5,4567.0250661,184596.6675,12544.3614261,5102,3975,16037,35022106.86,37280,5036505.8514,34011.135,29821.3575,63832.4925,284934,3128373,731586,5251621,2166,8519,2451882.43875,2784.99439575,2316.996249,2086.9528185,889.021494,1044.3390105,15280.365,502879,158414,7958,19011,158822.71277
Quilicura,126518,Gran Santiago,5638820,14711,14171,540,11029,1493,120587.45,404857.6,698.189583,214043.1524,4242.844389,2681,779,5606,309689213.94,104208,18768499.191,9374.9838,6692.8022,16067.786,81211,3053351,231744,2327992,489,3164,365262.52672,1302.00053354,1378.9955928,829.0344986,352.4285408,700.4795588,4504.0408,175621,62099,3592,,
Quinta Normal,104012,Gran Santiago,5638820,17313,16930,383,12792,2639,79265.79,93610.8,1049.54140696,61814.3316,3908.3341096,1733,701,6515,60795653.61,37042,5935016.7238,7062.4148,8019.3252,15081.74,51011,486674,89477,850719,847,1501,287281.144,987.99854668,744.98595,702.7258744,339.0895212,365.6645872,3068.354,172726,59374,1869,2945,
Recoleta,148220,Gran Santiago,5638820,18298,18141,157,14816,2469,74582.65,,2070.047931,79712.716,4146.387801,3394,2136,10148,60182517.24,49372,5091419.6698,9248.928,10375.4,19624.328,64145,1087946,129862,1919669,1095,2356,613269.1432,1825.0002516,1568.98281,1186.323236,617.588274,722.379814,4906.082,115715,46659,2981,,
Renca,133518,Gran Santiago,5638820,14532,14015,517,11188,1528,119479.36,213628.8,1634.1468297,12443.8776,3788.506491,1779,670,4087,129213024.01,59507,9198434.5667,5821.3848,4606.371,10427.7558,63839,837593,139572,2006250,790,2381,377504.78766,619.00012944,1159.9910322,419.6871294,290.935722,705.709389,6342.105,182829,67155,4001,,
San Bernardo,246762,Gran Santiago,5638820,19605,19080,525,15423,2214,333009.93,24676.2,3945.230856,106551.8316,8472.38326326,4894,1402,10410,141183999.44,82445,12178013.6073,13942.053,14781.0438,28723.0968,140570,1770462,257768,3755599,1424,4989,772029.46368,1934.9965611,2958.9971706,1300.9539402,1183.0757328,1296.240786,8587.3176,422783,141746,9438,9812,48956.47063
San Joaquín,97625,Gran Santiago,5638820,11299,10931,368,8791,1069,59598.52,292875,759.63281625,47836.25,2974.223725,1994,429,5056,55900862.48,28135,4767265.8137,6306.575,7370.6875,13677.2625,33434,1497838,264927,1785165,693,1154,367956.435,803.99947375,1189.9999375,562.3297625,496.2962125,601.5554875,2372.2875,59512,25274,464,,
San Miguel,78872,Gran Santiago,5638820,23010,22564,446,20067,1485,90837.35,165631.2,132.4734112,61464.9496,1520.13239352,3068,844,6840,55907887.66,50972,6908910.1432,7137.916,13952.4568,21090.3728,39911,338272,73084,1006671,848,1305,349675.85712,1996.99881528,1071.002888,1403.1486544,537.8045064,365.9503056,1593.2144,240016,4907,3802,17138,
San Ramón,94906,Gran Santiago,5638820,12666,12549,117,10607,1382,51426.8,199302.6,1623.9175848,39243.631,3054.5116476,950,540,3213,4835674.95,8537,1112291.0859,3777.2588,3558.975,7336.2338,35712,274293,131830,836524,612,1445,351655.2018,379.99982776,569.9959454,281.633555,245.5597844,257.5938652,4621.9222,241928,71774,5205,8187,
Santiago,200792,Gran Santiago,5638820,64732,64170,562,60946,2143,399373.1,2027999.2,1007.373464,560028.9672,6245.7154768,16204,7391,49492,2998493746.09,904499,205094775.8498,21223.7144,44375.032,65598.7464,70690,2972133,685062,2975509,1512,4772,861865.52536,10187.99934344,6015.9893496,5104.8153328,2621.7813024,1987.640008,5441.4632,264381,55611,12258,24094,10603.43612
Vitacura,81499,Gran Santiago,5638820,46883,46298,585,45749,611,149966.19,627542.3,116.8940157,202166.4194,1246.8695008,3146,447,10128,359967648.99,124626,18189805.068,6348.7721,33879.1343,40227.9064,61602,788466,57620,4144873,485,1286,325660.22412,2830.99897839,314.993635,2334.2536085,92.5747141,173.2016748,1320.2838,,,,,
Padre Las Casas,58795,Gran Temuco,268220,7948,7784,164,6912,533,16883.36,76433.5,1840.89085235,23635.59,1482.327781,649,101,1289,4231269.95,6232,881921.5868,1616.8625,2651.6545,4268.517,43430,428550,59792,724795,360,1098,203590.6224,378.0001104,270.997914,253.500522,28.997694,213.2788625,7290.58,8207,4075,60,,74337.12691
Temuco,245347,Gran Temuco,268220,35848,35077,771,30935,2370,99274.02,318951.1,4448.17791205,97500.8978,5478.9665305,7845,1753,16294,62906756.02,90522,9104213.5177,13567.6891,37022.8623,50590.5514,94956,2616776,136571,1813424,1522,4070,1032540.39603,5746.99831412,2098.0112664,3676.524795,334.7269121,1335.2029087,25540.6227,200046,60798,2354,16521,710009.52907
Vilcún,22491,Gran Temuco,268220,1412,1362,50,1164,89,,116953.2,724.3361496,10579.7664,220.65425298,186,43,954,2396829.78,2191,207701.9393,380.0979,735.4557,1115.5536,14343,151070,10997,141907,153,392,69434.2152,108.99970767,77.0001876,77.616441,,72.7628832,1207.7667,,,,,47806.6369
Concón,32273,Gran Valparaiso,814494,8756,8571,185,7109,909,30953.72,119410.1,315.468575,43213.547,983.0000797,614,75,1512,194989632.79,8901,2968409.9427,2433.3842,4402.0372,6835.4214,18218,402264,12107,774506,158,506,118740.75798,451.99982423,162.0007781,296.4371869,6.9548315,120.8365666,458.2766,,,,,122372.12006
Quilpué,128578,Gran Valparaiso,814494,15312,15147,165,13511,1151,82613.24,64289,904.24921482,57718.6642,4449.4802634,1626,1854,6179,12936044.58,23854,1953338.654,11340.5796,15107.915,26448.4946,41178,906360,173099,2032276,1016,1870,591145.06968,994.00051616,631.9865856,570.564875,80.554117,499.4869566,1362.9268,102588,14795,2,4222,423015.89542
Valparaíso,275982,Gran Valparaiso,814494,33608,33189,419,28796,3357,170698.5,220785.6,1471.54706328,197216.7372,11645.336472,6204,3890,14197,196753163.8,98756,17611493.0062,18766.776,29585.2704,48352.0464,104332,1894060,149551,3049966,2153,3991,970705.96896,3717.99914598,2485.9630614,2375.2942794,582.4048146,1524.4417734,2925.4092,375683,110837,8201,15074,838039.15713
Villa Alemana,95623,Gran Valparaiso,814494,7634,7488,146,6237,959,25303.52,57373.8,732.3478701,40601.5258,3661.7393505,1612,269,3654,5668726.57,9741,844305.9647,8233.1403,9590.9869,17824.1272,42309,907027,79621,494745,756,1557,396154.61424,1207.99962162,403.9976127,836.7490615,95.4413163,241.8401293,1157.0383,,,,,287736.68272
Viña del Mar,286931,Gran Valparaiso,814494,49905,49272,633,45686,2848,268137.35,918179.2,1780.3494688,274219.9567,8668.07647622,5717,3567,18373,169131471.17,118190,16358032.7319,21519.825,48089.6356,69609.4606,98537,2697138,331676,7442817,2180,4203,1074384.4364,4340.99631486,1376.0063036,2812.8706723,369.9688314,924.4342958,3299.7065,170067,33981,5947,12407,487510.54137
Graneros,25961,Graneros,21615,3075,2933,142,2331,328,,51922,442.6480305,13312.8008,520.35735141,460,179,1192,4764596.99,10387,486666.064,1165.6489,1061.8049,2227.4538,7454,,,,146,462,76192.9389,318.99994126,140.9993832,165.2054196,16.1399537,112.0346955,643.8328,47387,11580,1704,417,53648.91206
Hualañé,9741,Hualañé,5198,2072,1960,112,1552,105,,15585.6,409.4872875,6077.4099,271.8995589,104,2,668,712336.88,1409,89795.9766,239.6286,267.8775,507.5061,4777,112110,20800,63976,72,77,23671.01964,43.99999959,59.9996895,24.4284798,1.9530705,55.6951416,111.0474,15075,3658,231,473,13219.048
Hualqui,18768,Hualqui,13724,2411,2287,124,1870,173,3447.61,20644.8,606.44081232,10844.1504,702.2572704,367,77,600,965563.08,1058,117308.6179,585.5616,679.4016,1264.9632,6586,182546,17716,272761,120,363,62578.51776,224.99979264,142.0005648,168.564792,6.6663936,119.9969616,350.9616,8832,11711,354,,44016.78989
Huasco,7945,Huasco,6445,2978,2155,823,1173,120,,14301,138.904024,12344.941,323.164464,93,35,435,510299.97,2377,139795.752,296.3485,422.674,719.0225,2964,98439,35036,129114,59,163,27199.5486,60.0000044,33.000352,33.373767,1.9632095,30.42935,344.0185,,,,,32025.01474
Tucapel,12777,Huepil,6576,1671,1551,120,1246,53,,60051.9,294.90836463,10268.8749,357.07613583,95,67,551,1434294.32,1666,176445.0659,281.094,413.9748,695.0688,5289,153640,13782,194838,110,148,39322.4952,49.00005054,45.9984777,16.661208,2.9399877,42.1462122,121.3815,23251,7173,377,818,27335.87862
Illapel,30355,Illapel,21826,3001,2877,124,2351,307,,69816.5,732.654351,15232.139,772.2312,501,166,1785,2913668.46,3471,380181.1034,1086.709,1059.3895,2146.0985,13855,327720,78909,221322,183,452,86630.1345,329.99982925,170.9988215,232.8440985,19.5637975,137.9422265,218.556,27809,2151,190,421,58467.7552
Isla de Maipo,25798,Isla de Maipo,12295,3226,3111,115,2581,243,,85133.4,495.1487534,15231.1392,525.4639832,535,89,1202,4331529.1,7096,498222.5462,967.425,1171.2292,2138.6542,12725,263310,15925,328648,155,494,69731.994,342.99963082,191.9990352,206.5413678,29.2342936,147.1234142,461.7842,29306,10294,264,,37670.78446
La Ligua,31987,La Ligua,17048,4167,4125,42,3520,259,,35185.7,726.584705,17074.6606,665.00973,444,173,2810,3561405.79,4709,381183.0049,1452.2098,1244.2943,2696.5041,12550,443686,26075,521899,199,442,107812.1835,317.00012636,127.0011848,223.2660613,10.4501529,105.4547416,211.1142,,,,,59889.79296
La Unión,39447,La Unión,40669,3839,3687,152,3025,325,,284018.4,562.8061278,17356.68,1072.011672,366,318,2075,10186952.94,6566,769680.3966,1404.3132,1534.4883,2938.8015,14063,232051,67868,240089,290,519,138506.3064,251.00007759,114.9958944,144.1314486,8.8795197,100.6963569,2496.9951,63859,22576,1044,2910,76023.98583
Río Bueno,32627,La Unión,40669,3246,3144,102,2767,188,,6525.4,598.835958,15892.6117,1145.142446,376,314,1810,2874807.09,3429,337444.1401,991.8608,923.3441,1915.2049,14105,172982,51138,178458,227,362,116067.2898,247.99978462,127.9989837,120.1489275,1.9837216,121.1473137,2176.2209,54033,20591,393,3080,54460.903
Laja,22404,Laja,19537,1858,1772,86,1498,140,,17923.2,418.3812576,17670.0348,923.81280912,289,93,818,1903605.24,4779,305790.4546,862.554,884.958,1747.512,4163,241941,24779,349299,132,305,89284.4208,155.99972412,132.9968652,88.0320372,1.9984368,129.04704,474.9648,37235,9909,1002,3,37088.69165
Lanco,15107,Lanco,7817,1439,1377,62,1159,71,,134452.3,404.60443606,23032.1322,302.638531,188,58,766,1310694.02,2800,233167.7258,305.1614,451.6993,756.8607,5896,87812,13226,172202,100,241,42594.33757,102.99982814,84.9980248,43.5172242,3.867392,77.362947,1498.6144,17613,6190,336,526,11714.69196
Las Cabras,20242,Las Cabras,6426,3069,2990,79,2775,100,,78943.8,,13137.058,258.9113736,180,66,1391,6906898.91,3719,214118.4742,510.0984,421.0336,931.132,5683,169958,20261,127193,130,303,51213.87936,89.0000256,90.9999352,52.4895302,5.7244376,78.2596204,206.4684,18949,5507,516,,22541.74417
Lautaro,32218,Lautaro,18808,2854,2725,129,2199,189,,299627.4,1198.106875,16817.796,1264.2423745,469,78,1400,6417486.53,5567,646002.3994,998.758,1540.0204,2538.7784,10727,345465,33662,258197,254,547,92345.16468,251.99985278,216.9978954,98.10381,24.0410716,182.740496,2864.1802,,,,,76570.78822
Lebu,25035,Lebu,20838,1511,1506,5,1246,138,,25035,464.74974,17476.9335,805.566216,400,168,880,1761561.12,3248,595390.1924,498.1965,948.8265,1447.023,7744,283957,67840,158747,166,374,75606.95175,230.0000499,169.997664,109.4004465,8.7897885,153.3518925,2949.123,42889,11871,401,1565,51784.37019
Limache,39219,Limache,45327,5400,5324,76,4339,607,,78438,404.09178993,19778.1417,869.014602,708,324,2392,5006207.01,7262,501392.3706,2106.0603,2533.5474,4639.6077,15038,336311,31686,563086,342,592,174516.7062,516.00006891,192.0005364,303.7472331,23.9510433,155.228802,337.2834,,,,,105777.04243
Olmué,14105,Limache,45327,3816,3658,158,2865,454,,11284,203.50694,11657.7825,498.592003,201,49,785,1082829.37,2539,191382.3109,548.6845,685.503,1234.1875,5336,152836,12341,186242,90,189,42016.39715,131.99980885,68.998839,80.8145975,10.5829815,51.9501255,104.377,,,,,68756.52914
Linares,83249,Linares,65133,11690,11361,329,9298,1047,23103.87,224772.3,1178.44870179,32708.5321,2784.04719009,2488,268,5482,12967679.06,23169,1295376.073,3013.6138,4811.7922,7825.406,26997,860223,41526,1279939,625,1376,235282.48625,1665.99896776,821.9923011,633.0004213,167.4387137,592.3416097,740.9161,167627,60865,4333,7824,219007.94732
Llaillay,21644,Llaillay,16215,3410,3263,147,2756,210,,,581.27905584,9267.9608,852.38314224,421,46,1168,2608821.21,5434,358327.1914,796.4992,861.4312,1657.9304,7895,196109,33757,26683,151,367,60269.8824,228.99979676,191.9995952,114.1526204,5.8049208,132.537034,155.8368,,,,,43419.69614
Llanquihue,16337,Llanquihue,11447,1117,1104,13,955,51,,,443.15893233,14378.1937,407.2928459,166,100,847,3655903.15,3497,399796.7002,607.7364,655.1137,1262.8501,6741,171949,12501,35841,93,226,51282.65985,83.99978953,82.0003041,48.8574322,9.5800168,68.974814,841.3555,9491,3362,257,268,31655.34507
Loncoche,23037,Loncoche,14191,2429,2313,116,1875,194,,34555.5,929.9000235,11638.2924,1041.7676955,327,139,935,919558.79,2550,170524.349,532.1547,780.9543,1313.109,20402,183069,15026,262299,168,292,87705.31455,207.99969078,118.9976235,127.2494769,7.9523724,107.3662422,2384.3295,24911,6999,202,949,52425.0421
Longaví,28161,Longaví,6206,1746,1657,89,1284,108,,28161,755.34138225,11743.137,1042.1682075,323,31,2332,1757911.58,3429,223251.618,340.7481,380.1735,720.9216,13639,169787,15145,156323,204,343,85812.1992,181.99975563,140.9964948,87.2624907,14.7028581,117.656658,194.3109,27813,12063,995,,21871.85926
Los Alamos,18632,Los Alamos,13035,,,,,,,33537.6,,,,227,78,579,1435325.6,2194,183911.7872,,,,6222,141524,15150,41882,127,322,60521.394,116.99983032,109.9977384,62.3817992,0.959548,103.6479528,1723.46,,,,,
Los Andes,60198,Los Andes,63150,8654,8409,245,7162,843,19350.61,132435.6,586.178025,34674.048,1920.3192099,1656,726,3772,13884166.16,21465,1669284.967,4219.8798,4532.9094,8752.7892,24540,426912,169827,152979,413,998,191835.9765,1341.99943182,313.9987878,909.8987898,16.9577766,270.3311586,535.7622,96385,16447,3222,5532,158914.89509
San Esteban,14400,Los Andes,63150,2420,2376,44,2070,162,,5760,215.437536,9233.28,276.912,133,42,897,5543820.12,4767,300987.6574,531.36,476.64,1008,5737,134297,7485,233998,92,255,50059.296,87.99984,45,65.39904,,40.75488,119.52,,,,,23424.77507
Los Angeles,166556,Los Angeles,138856,23497,22533,964,18565,1725,54850.87,516323.6,,,,3412,2337,9889,63591045.61,62671,5647437.8008,,,,57142,1645573,75456,2482474,1067,2949,523652.064,2505.00057444,906.980698,1360.929076,164.0743156,626.8668172,1998.672,,,,,
Nacimiento,25971,Los Angeles,138856,2397,2301,96,1936,171,,44150.7,883.06438374,19834.0527,922.87792674,260,152,1024,3662074.39,7545,526748.0207,646.6779,799.9068,1446.5847,5339,191909,7339,234328,171,372,72499.60476,115.99973121,143.9988066,79.6218918,10.8143244,128.7720093,322.0404,45237,14250,440,941,52909.85435
Los Lagos,20168,Los Lagos,9479,1475,1430,45,1186,142,,50420,631.2826016,13514.5768,308.55547568,295,118,808,1514427.47,2110,174202.7739,431.5952,520.3344,951.9296,9604,139362,14991,268821,131,310,50921.37648,186.99991448,107.99964,82.2471208,3.8702392,99.6642056,601.0064,32702,11005,468,763,23687.71781
Los Muermos,16964,Los Muermos,5707,2664,2505,159,1982,136,,,461.8627122,7945.9376,130.436196,147,54,835,1154308.25,942,128979.7768,271.424,342.6728,614.0968,8169,82652,6642,18351,105,179,50877.5806,75.99990748,70.9977328,43.6704252,0.9906976,66.49888,476.6884,12847,3486,271,,13817.94939
Los Vilos,17453,Los Vilos,10966,2761,2688,73,2304,213,,27924.8,340.1345358,3277.6734,490.67556183,423,117,1037,1240203.75,1871,188819.116,635.2892,631.7986,1267.0878,3959,333586,23774,313552,114,300,57285.9819,296.99979536,126.0001882,197.5347993,6.7787452,111.3553759,181.5112,20555,6262,1027,399,55757.72642
María Elena,7530,María Elena,7412,1565,1542,23,1257,54,,12801,20.068956,5831.985,163.896474,109,17,193,299365.78,667,61050.5368,390.807,368.97,759.777,1438,2537,23209,9072,13,53,29847.0375,59.9999436,48.999969,38.445921,,51.627186,97.89,,,,,23671.90845
Maullín,15580,Maullín,6896,714,709,5,564,60,,15580,355.86278,9313.724,146.9204906,198,35,616,777079.62,867,120998.6084,210.33,300.694,511.024,7862,115584,37513,99345,132,156,56057.1516,84.0000374,114.000418,38.386004,2.020726,110.110092,1168.5,6032,1714,100,698,14874.35922
Mejillones,8418,Mejillones,7825,1788,1732,56,1513,116,,14310.6,39.20818188,13216.26,237.2259744,198,71,395,1254288.91,1054,102201.6092,462.99,385.5444,848.5344,3619,160790,73416,424363,39,159,26028.456,120.00002106,78.0003462,83.7793032,5.5845012,62.3681202,192.7722,28285,7720,491,60,26758.43546
Melipilla,94540,Melipilla,53522,12085,11499,586,9458,1103,,141810,1414.3184,37579.65,1622.930364,1569,536,6152,34977309.81,26841,2578153.8365,4415.018,4415.018,8830.036,39508,757005,120141,1143752,649,1786,292162.6344,1015.9986904,553.002276,564.469978,102.538084,397.710872,1058.848,148905,51172,3744,3157,197660.60488
Molina,38521,Molina,27203,3855,3678,177,3139,126,,84746.2,885.4591144,22946.9597,989.01280744,598,94,2082,4667898.25,9099,616199.3656,1336.6787,1282.7493,2619.428,12598,432645,18936,745606,336,573,106839.91955,412.99981982,184.9971025,206.9964456,16.4407628,159.5963551,389.0621,,9786,971,1190,78097.26599
Monte Patria,30276,Monte Patria,5219,2101,2088,13,1739,200,,60552,874.6554744,18674.2368,314.4828672,201,31,1769,3934934.43,16565,663553.4002,466.2504,517.7196,983.97,7143,280797,65816,,154,427,93615.20856,101.00013048,99.9986004,66.9160152,4.8471876,90.1891764,151.38,7304,1780,251,,
Mulchén,29003,Mulchén,21819,3023,2840,183,2264,185,,130513.5,938.6762944,15884.9431,902.57336,344,170,1276,1971409.65,2767,268866.7319,638.066,838.1867,1476.2527,16414,216124,15622,380814,188,417,90396.5504,169.99963435,174.0005982,88.1517182,14.8553366,153.5273805,510.4528,21268,17488,359,2295,50802.17055
Nancagua,15634,Nancagua,6846,3969,3870,99,3386,164,,,560.2240658,10429.4414,282.8315672,225,77,1003,1869888.36,7045,287901.2841,397.1036,403.3572,800.4608,4174,278734,18531,174732,100,234,49627.94424,133.9997957,90.997697,50.0162928,3.845964,81.758003,100.0576,29439,5558,290,,25578.57528
Nogales,21633,Nogales,8969,3073,3050,23,2380,381,,49755.9,362.028255,14647.7043,267.9009087,114,64,1147,1510348.52,4744,329872.0959,873.9732,607.8873,1481.8605,8577,209761,11445,194939,123,292,57041.02908,73.99978677,39.999417,35.9886588,1.8928875,35.9886588,166.5741,,,,,48202.82387
Nueva Imperial,29994,Nueva Imperial,14980,3399,3275,124,2605,240,,32993.4,1195.2039114,15812.8368,463.25733,449,79,1142,1324734.84,1798,209106.0789,578.8842,1208.7582,1787.6424,5890,214357,26778,372935,239,480,93914.2134,172.21145082,163.9741986,87.9154134,5.0869824,145.3119318,7561.4874,29352,10825,420,1382,48538.02019
Osorno,145475,Osorno,132245,,,,,,34108.72,1352917.5,1989.57429,69391.575,5250.2654875,1935,1469,8774,62537642.55,46974,4889221.8787,7637.4375,11710.7375,19348.175,71938,1689662,223391,2929394,1057,2551,426903.66125,1332.999063,601.9900975,759.408595,74.01768,467.178415,12074.425,226030,83257,3922,3023,398570.96102
Ovalle,98089,Ovalle,66405,11683,11544,139,9331,1354,26374.22,107897.9,1555.9367625,46494.186,2385.7697025,1397,364,5987,12318190.52,21982,1557003.8197,3933.3689,4198.2092,8131.5781,23288,825184,154713,1505683,612,1713,417129.35784,908.0000641,488.9932828,559.1073,98.6088717,306.3515648,667.0052,131026,146,3601,3699,202096.74133
Paillaco,19237,Paillaco,9973,1459,1405,54,1171,131,,113498.3,457.07112,12900.3322,323.123889,203,172,1021,2032173.33,1916,212206.1255,507.8568,523.2464,1031.1032,5868,156656,25441,294319,146,274,58465.0904,128.99985934,74.0008916,62.6779934,1.9564029,57.7821769,744.4719,37353,12714,621,1133,27051.31592
Paine,50028,Paine,19620,6016,5749,267,4718,434,,30016.8,755.47182744,27935.6352,699.1513056,617,219,2965,11554921.9,15656,1211588.2094,2296.2852,2101.176,4397.4612,16519,319018,47383,634053,255,978,156950.343,416.99988924,199.9969356,244.6019004,26.0345712,146.9472444,880.4928,36040,10907,407,,72648.62749
Panguipulli,33273,Panguipulli,11142,2534,2415,119,2030,154,,,759.62259,20745.7155,911.547108,437,167,1482,3759614.76,3038,357303.7184,618.8778,968.2443,1587.1221,9798,164218,42601,490989,254,418,94089.72213,249.00015915,187.9957773,144.1319814,10.713906,171.4025322,3713.2668,52090,20032,893,1716,34483.59943
Parral,37822,Parral,26397,5218,5039,179,4386,229,,3316989.4,858.6558461,17598.5766,703.602666,597,118,3331,4813441.09,6567,482905.1811,1369.1564,1323.77,2692.9264,11366,336068,19009,477209,302,563,107338.836,344.00016728,252.9951402,125.1416514,27.591149,211.859933,298.7938,71762,20072,1323,2719,97837.89652
Peumo,13948,Peumo,7392,1588,1520,68,1087,170,,,,8483.1736,96.85295928,166,52,783,1721515.25,4700,259431.9352,481.206,359.8584,841.0644,3710,71989,21392,199570,100,190,54210.71524,113.00000096,52.9996104,31.7833076,2.8886308,46.2292512,184.1136,31618,6991,363,898,15960.78063
Pichilemu,12392,Pichilemu,9027,2514,2424,90,2096,75,,23544.8,387.71816976,11185.0192,341.226112,249,103,939,1252880.76,1466,144670.8665,428.7632,462.2216,890.9848,3612,353121,50563,402851,75,151,38625.36832,172.99987912,75.9988968,105.2725184,3.791952,67.3368888,131.3552,29992,6403,936,667,92769.16166
Freire,25514,Pitrufquén,18808,1247,1214,33,1028,78,,45925.2,838.5762922,12037.5052,675.7459442,262,36,1012,2203255.46,2973,257428.0752,380.1586,673.5696,1053.7282,20232,123107,13964,169921,180,351,82242.84816,136.9999744,125.0007402,83.1679858,3.8679224,114.111365,3630.6422,,,,,24368.0195
Pitrufquén,21988,Pitrufquén,18808,2190,2007,183,1511,129,,50572.4,387.175698,11253.4584,975.904398,373,36,1200,2948051.06,2139,235266.6147,635.4532,1246.7196,1882.1728,21569,172046,32863,285931,212,315,75936.87728,235.0000482,138.0010856,108.7724372,5.82682,125.2832264,2143.83,29858,11681,314,951,47064.76408
Pozo Almonte,10830,Pozo Almonte,6384,,,,,,,,104.04381,26742.519,236.099415,215,148,421,17955499.57,3036,764929.7574,288.078,371.469,659.547,9882,162290,82427,358011,40,220,28703.1822,125.9999022,88.998774,75.52842,3.554406,71.084871,1838.934,25176,6307,354,,17260.91846
Pucón,21107,Pucón,13750,2625,2588,37,2394,125,,135084.8,403.2534564,32766.5068,350.9798602,675,91,1505,3298107.55,5463,343841.0468,812.6195,1099.6747,1912.2942,10597,381070,38414,346147,97,334,63162.6975,513.9997747,160.9978639,270.1379395,20.7798415,121.0655306,2180.3531,,,,,49252.97571
Aisén,22353,Puerto Aisén,16936,2206,2206,,1830,268,,460471.8,615.3847959,19138.6386,459.242385,317,275,1347,6374851.08,7890,455392.6412,757.7667,1003.6497,1761.4164,11078,,,,,,78071.20545,139.99974489,176.9999952,53.0235513,3.7865982,160.0161858,1884.3579,39638,12243,472,557,51130.5468
Natales,19116,Puerto Natales,16978,,,,,,,43966.8,224.51742,18936.3096,253.7046846,250,122,1376,2498504.71,3817,188637.4755,464.5188,1018.8828,1483.4016,8466,228541,14086,303970,137,262,52350.31296,145.00002132,104.9984532,52.33005,3.8767248,97.87392,1938.3624,35514,8189,731,19972,46155.80728
Punta Arenas,119496,Punta Arenas,116005,28887,28333,554,24771,2374,33488.13,477984,555.8834424,64515.8904,2572.22429256,1825,928,7810,37377777.25,44471,3403258.4573,6882.9696,12248.34,19131.3096,50735,922833,26213,2130421,796,1732,520878.28416,1174.0004016,650.9903088,690.3403416,52.7933328,565.1802312,6918.8184,165333,58893,3169,,355917.69964
Purén,12868,Purén,7604,989,970,19,796,54,,24449.2,449.73454112,6437.8604,206.82787872,249,36,507,1131654.09,828,108814.4249,169.8576,396.3344,566.192,6331,134995,16261,123636,89,170,41651.1424,123.0000648,125.9983088,52.2029024,6.0235108,116.4528264,696.1588,17168,6332,252,380,25142.86285
Purranque,20705,Purranque,11618,1943,1896,47,1638,121,,,418.28241,10174.437,424.55664615,157,127,1065,3182217.12,17629,365104.5949,672.9125,629.432,1302.3445,3633,141218,14302,152559,168,288,69320.7541,79.99977195,76.997754,27.608047,4.92779,70.9912335,1544.593,30259,8752,640,852,36864.4691
Putaendo,14649,Putaendo,7214,1809,1786,23,1561,133,,21973.5,372.0377232,10720.1382,230.76393912,263,32,871,958404.2,1910,127284.278,459.9786,524.4342,984.4128,5664,145411,11393,50704,126,206,53584.5771,141.99993501,120.9992751,77.5942881,3.8321784,89.0878935,95.2185,,,,,13555.26696
Quellón,21823,Quellón,13656,1543,1527,16,1206,188,,17458.4,483.0826572,10296.0914,278.701533,254,258,1083,3719049.52,3883,274535.1657,453.9184,554.3042,1008.2226,12300,118362,57640,41000,92,407,74754.46827,145.00008651,108.9993381,68.4412926,10.8067496,87.3509221,3197.0695,35623,9623,281,1894,25262.52466
Quillón,15146,Quillón,7285,,,,,,,19689.8,524.99110638,10473.459,382.1275216,196,117,831,909995.86,1096,123905.2587,290.8032,318.066,608.8692,7252,210839,27585,377727,118,184,41307.23142,123.99984762,71.9995402,69.1626944,1.976553,69.1626944,148.4308,,,,,29840.76218
Quinta de Tilcoco,11380,Quinta de Tilcoco,5850,1642,1589,53,1202,150,,,,6295.416,268.80698,96,33,769,1353139.3,2114,128380.1498,282.224,220.772,502.996,2576,168138,13305,60350,69,141,38646.48,51.9999996,43.998494,25.262462,4.856984,36.921272,209.392,,,,,11380.38603
Quintero,21174,Quintero,18719,1843,1780,63,1409,265,,23291.4,316.92840894,15501.4854,560.71949274,706,183,1371,2757212.76,4291,392641.0763,1463.1234,1325.4924,2788.6158,8461,301777,49119,146903,153,388,59491.74084,548.99989548,157.0009752,385.3964436,24.6804144,117.7041486,298.5534,,,,,131510.36976
Quirihue,11429,Quirihue,7952,986,943,43,719,64,,4571.6,383.5069524,8928.3348,213.059418,130,110,453,999217.16,1720,152410.4223,316.5833,340.5842,657.1675,2429,69030,32899,113171,94,114,36279.76044,72.99988025,56.9998517,38.3945826,2.9521107,51.1939197,91.432,21108,6678,776,1573,23700.43793
Renaico,9128,Renaico,5355,853,794,59,660,33,,,287.627844,5059.6504,279.13597432,110,26,390,405775.52,739,74292.3799,138.7456,277.4912,416.2368,5551,82744,20299,97403,59,129,23885.694,68.00004008,41.9997536,25.7154016,0.9885624,39.5625776,188.0368,,,,,19399.78766
Rengo,50830,Rengo,30891,5534,5376,158,4457,524,,55913,1285.6304825,20326.917,1325.39225,920,240,2524,6487228.82,15405,868462.4198,2200.939,2007.785,4208.724,14754,483644,55172,472744,306,805,181089.4995,598.0002093,321.997884,287.885871,53.025856,244.329644,864.11,77949,12153,1497,274,111370.51308
Requínoa,22161,Requínoa,8240,2884,2674,210,2141,174,,,692.486928,10883.2671,346.243464,209,36,1179,6550245.45,9670,681162.4447,768.9867,627.1563,1396.143,6192,,,,124,355,80903.1627,122.00007237,86.9974377,74.948502,8.5386333,71.1545388,511.9191,23041,6442,520,,49369.60853
Rinconada,6692,Rinconada,5727,1197,1176,21,942,116,,4015.2,203.93890076,1677.6844,136.1273256,57,27,405,529869.04,2182,75232.1796,211.4672,262.3264,473.7936,2639,138308,45870,16558,40,156,16668.63436,45.0000194,11.9994252,19.9809736,,11.4178904,32.7908,,,,,19351.75294
Río Negro,14732,Río Negro,6583,1092,1051,41,870,62,,19151.6,408.098498,6944.6648,186.76507732,133,73,757,1687711.3,3106,239868.3131,343.2556,444.9064,788.162,7586,91429,16968,30188,101,168,43901.36,52.99999052,79.9991796,26.2126476,6.0489592,71.5813148,1370.076,23355,7285,394,518,18910.22902
Salamanca,24494,Salamanca,11615,2314,2253,61,1833,165,,36741,660.59509698,15641.8684,725.928678,226,110,1595,2124192.26,3232,169240.0285,702.9778,698.079,1401.0568,16343,227082,29640,,154,392,85810.07514,116.99999992,108.9983,62.3592746,5.8467178,97.437132,340.4666,16823,5191,380,687,36938.55225
San Carlos,50088,San Carlos,29359,5048,4842,206,3946,424,,75132,1526.9527152,19013.4048,1328.28467376,601,243,3519,16223492.26,8867,1060720.7253,1217.1384,2183.8368,3400.9752,15415,366766,52063,567907,370,641,159207.71328,404.99954688,195.9993528,213.6553728,14.7659424,170.3292528,415.7304,117603,34960,2797,2072,71303.32725
San Felipe,64126,San Felipe,53358,9764,9529,235,7793,944,18741.09,173140.2,874.197695,31004.921,946.6312183,1590,350,4619,13456384.06,32671,2259243.4015,3488.4544,4617.072,8105.5264,25469,686938,200658,838527,396,1166,253748.50578,1049.99976526,539.9986334,606.9333522,30.3444232,293.9728218,436.0568,110465,25479,1534,3251,167557.08275
San Fernando,63732,San Fernando,49519,7603,7549,54,6503,551,17192.65,82851.6,1040.9857416,,1536.6932376,1168,670,4469,20333657.78,27183,1884558.7539,2810.5812,4040.6088,6851.19,25000,,,,404,1097,206824.36104,880.99993932,286.9915692,406.418964,37.4680428,229.6327692,656.4396,92327,13734,827,2585,154020.83483
Mostazal,21866,San Francisco de Mostazal,12037,2559,2406,153,2112,75,,34985.6,735.4213646,14324.4166,354.48962406,257,114,893,8190751.8,10982,650048.5463,815.6018,660.3532,1475.955,6429,159252,39271,190085,117,321,68694.2256,164.99996136,91.9990084,112.7892012,9.5576286,75.5098578,275.5116,22195,7616,232,,40207.97605
San Javier,37793,San Javier,20524,5002,4874,128,4019,310,,22675.8,842.935072,18386.2945,1093.1814215,819,174,2430,4567518.74,7577,559099.7905,1156.4658,1390.7824,2547.2482,18828,398561,18327,734811,265,614,111132.58408,605.99979503,213.001348,247.8275975,14.5767601,189.5092192,230.5373,55114,25274,464,,75991.20544
Mariquina,18223,San José de la Mariquina,7790,1399,1372,27,1164,70,,1822.3,382.58605364,10398.0438,445.1295764,394,95,764,1558507.94,2516,272484.9593,450.1081,435.5297,885.6378,8235,157893,9717,180532,145,322,67875.2081,223.99984945,169.9987224,94.048903,13.7146298,147.9288471,2520.2409,32233,10269,437,1578,20565.25323
San José de Maipo,13376,San José de Maipo,5281,3792,3585,207,2727,322,,60192,150.73160256,15492.0832,399.7899136,192,78,654,883207.83,1296,152057.3113,869.44,1241.2928,2110.7328,5921,133847,24918,252698,93,195,52099.52,116.000016,75.9984192,81.4772288,5.81856,64.9886336,272.8704,22135,49070,3802,17138,27642.76307
San Vicente,40253,San Vicente de Tagua Tagua,18914,6203,6039,164,4975,426,,52328.9,856.6361689,20078.1964,609.8087982,527,181,3232,4182031.53,9880,567563.605,1525.5887,1525.5887,3051.1774,11240,341302,50899,299355,271,591,147949.49897,380.99987789,145.997631,152.7078061,9.5439863,126.9378355,523.289,61087,12708,1246,1583,52831.75291
Santa Bárbara,12943,Santa Bárbara,6838,1294,1236,58,962,68,,3882.9,613.4774912,6813.1952,358.1794048,191,126,657,684516.87,1079,104925.7345,230.3854,376.6413,607.0267,3664,83843,18142,104766,121,173,45652.03188,73.88576265,49.9043251,38.350109,0.6186754,46.3903006,539.7231,10041,8261,,,19625.98472
Palmilla,12373,Santa Cruz,20691,1258,1209,49,1004,96,,,,,,40,27,865,988655.9,3662,144418.9434,,,,2872,87463,10453,50001,61,146,,,,,,,,,,,,6022.18789
Santa Cruz,32387,Santa Cruz,20691,5329,5160,169,4309,449,,97161,817.512654,17395.0577,934.300176,417,274,2685,6030777.54,9921,666519.9145,1233.9447,1376.4475,2610.3922,8798,298180,23541,470047,224,460,117224.7465,250.99957387,165.9963298,79.7076457,6.7235412,151.733095,459.8954,58909,13421,2872,2277,53131.39893
Santa María,12813,Santa Maria,6443,1682,1634,48,1362,74,,14094.3,251.73777978,6024.6726,247.4549064,232,26,762,1617938.64,4671,234330.2841,367.7331,397.203,764.9361,4843,165829,19704,2902,80,270,44892.13932,132.99996504,98.9983632,67.1695899,0.9596937,71.0058021,180.6633,,,,,13828.23275
Talagante,59805,Talagante,49957,6680,6538,142,5528,748,,149512.5,759.68437545,23114.6325,1662.531156,1196,374,2889,8628992.72,16601,1328829.5483,3588.3,4210.272,7798.572,30828,524114,95645,817957,318,979,211343.6934,712.0000548,483.9958845,412.905681,124.6156785,282.7161765,962.8605,112703,33940,3877,2963,148666.52535
Maule,16837,Talca,210339,834,812,22,726,31,,45459.9,834.23361468,9090.2963,343.070712,241,11,1282,2717423.21,3262,243744.8147,255.9224,399.0369,654.9593,9651,318426,42950,439665,155,625,55998.1783,150.99977221,89.9988161,86.2929924,7.5042509,76.9130997,215.5136,,,,,24476.50647
Pencahue,8315,Talca,210339,2656,2585,71,2351,56,,,,,,50,4,494,1691417.76,1205,107564.7171,,,,4275,107123,8516,113561,68,84,,,,,,,,,,,,5164.71563
San Clemente,37261,Talca,210339,3490,3374,116,2893,78,,70795.9,1465.0130936,17285.3779,911.0165456,376,122,2241,2632216.78,5367,372178.8945,678.1502,599.9021,1278.0523,18443,389681,101051,666954,199,582,96933.37367,210.99972775,164.9954341,99.3899914,7.7950012,151.0374635,272.0053,51309,20061,763,,43015.44076
Talca,201797,Talca,210339,28137,27781,356,24523,1907,83857.35,665930.1,2410.9494778,90707.7515,4891.89426302,5946,1530,12556,42678772.61,62310,6668746.7757,11058.4756,19110.1759,30168.6515,71601,1552266,279346,3494398,1219,3041,552746.19864,4650.99909427,1294.9918881,2922.0407397,296.5608712,779.7839674,1755.6339,391414,134888,8463,11870,632439.8579
Taltal,11100,Taltal,9564,959,921,38,774,107,,,161.618997,15140.4,294.570357,240,77,631,1185221.39,901,113779.2561,307.47,395.16,702.63,3679,293252,81648,242910,61,175,50119.83,135.999864,104.00034,68.11515,9.87123,88.84662,101.01,27518,6372,387,109,22007.09197
Teno,25596,Teno,6729,4425,3888,537,2945,125,,33274.8,1485.52298676,12705.8544,481.91918436,255,29,1802,7139610.94,8198,537253.6465,504.2412,414.6552,918.8964,13052,276249,15223,199362,128,338,84836.40624,165.99978648,88.997292,93.9219624,2.9025864,78.4312632,102.384,26652,7066,351,285,15984.71413
Tiltil,14755,Tiltil,5168,1838,1696,142,1494,60,,5902,250.3359859,11508.9,239.8835439,164,33,613,3466437.85,2361,294326.7613,571.0185,445.601,1016.6195,6672,277497,20037,,77,220,51362.00745,92.9998797,70.998109,60.4910735,3.8407265,58.568497,275.9185,24849,7684,235,111,32450.80376
Tocopilla,23986,Tocopilla,23352,2588,2495,93,1929,392,,14391.6,124.343424,21656.9594,877.86457344,379,106,1266,13097142.72,3786,723612.2257,1295.244,1237.6776,2532.9216,9300,,,,162,436,87155.5296,202.00001788,176.9974912,128.3658762,18.0518636,150.4305976,208.6782,49454,13342,1242,1522,56486.90334
Traiguén,19534,Traiguén,14140,2276,2183,93,1871,140,,41021.4,766.96070724,11982.1556,924.7043988,331,171,1013,1508372.91,2289,235123.2683,398.4936,974.7466,1373.2402,17097,235108,22302,86215,187,249,46945.47618,169.99990918,160.999228,72.099994,18.0220684,134.1829528,1623.2754,30611,10385,979,1842,43704.99335
Valdivia,140559,Valdivia,127750,17321,16826,495,14377,1663,51561.6,1405590,1276.27572,80919.8163,4492.4905344,2853,2002,7653,40254151.39,44553,5388092.4539,6592.2171,18075.8874,24668.1045,65656,1343595,168445,2252534,933,2272,517774.37712,2062.00053,790.9957725,1264.0330311,74.8476675,656.4948654,6395.4345,199906,68837,5542,9171,341665.58658
Vallenar,48040,Vallenar,43750,6204,6092,112,4748,912,,38432,785.6010024,25595.712,1016.853072,779,285,2746,16259430.54,9998,1064238.6308,1460.416,2622.984,4083.4,27093,362800,62279,166883,300,881,154404.4032,509.999846,268.99998,303.045928,27.637412,224.072972,1268.256,76433,22954,1894,3564,238744.93667
Victoria,33501,Victoria,23977,4197,3994,203,3394,237,,36851.1,987.140466,21316.6863,1645.23411,667,159,1883,3752729.09,4646,484105.8126,877.7262,2107.2129,2984.9391,11706,310841,27463,290640,198,438,96396.44742,433.99975983,232.999455,209.5889562,6.9213066,221.4516603,2358.4704,66721,23169,2202,3442,79513.25991
Vicuña,24010,Vicuña,12910,2453,2399,54,2003,280,,31213,359.612176,14129.885,253.363124,154,29,1212,6526644.01,9586,632981.9263,823.543,725.102,1548.645,5433,253825,33501,147634,135,409,66443.1131,98.9997127,54.997306,56.819665,7.704809,42.375249,180.075,27879,7934,389,991,49196.43912
Villa Alegre,14725,Villa Alegre,5456,1526,1493,33,1317,59,,22087.5,339.8750875,7640.8025,440.82306125,252,39,909,1786894.64,5081,320366.957,368.125,388.74,756.865,6958,175604,17893,154345,105,179,41725.0545,173.00004925,78.999625,77.1516375,6.923695,69.23695,95.7125,,,,,25478.20023
Villarrica,45531,Villarrica ,27408,6454,6260,194,5664,364,,50084.1,905.338404,25119.4527,798.20669286,1209,233,2862,4802937.87,6863,581942.6679,1411.461,2709.0945,4120.5555,13767,511089,36118,295983,269,778,135652.32954,765.99942939,442.9984176,434.2564656,57.0913209,339.7295565,4808.0736,44136,11398,925,2604,121520.05211
Yumbel,20498,Yumbel,8302,1965,1907,58,1644,138,,22547.8,568.419789,17162.9754,519.95452278,262,136,688,1198088.48,1625,181922.3145,563.695,592.3922,1156.0872,6095,237244,30786,341241,173,217,59317.1124,149.99985444,111.9969724,70.461875,3.9704626,102.2194264,200.8804,30781,9580,731,11428,33905.94248
Yungay,16814,Yungay,9288,2416,2346,70,1960,145,,,347.7942272,15806.8414,608.09646912,258,114,792,3752229.96,2625,310741.3241,507.7828,583.4458,1091.2286,5475,172607,18829,81731,130,208,53962.17904,148.00002266,110.0005508,45.6483286,5.826051,95.1806912,201.768,18484,5497,723,848,28081.01509
